Fon Kodu,Fon Adı,Şemsiye Fon Türü,1 Ay (%),3 Ay (%),6 Ay (%),1 Yıl (%),Yılbaşı (%),3 Yıl (%),5 Yıl (%)
HDH,HEDEF PORTFÖY DOĞU HİSSE SENEDİ SERBEST FON(HİSSE SENEDİ YOĞUN FON),Serbest Şemsiye Fonu,16.678,109.1623,362.5499,965.3156,31.9586,,
HPF,HEDEF PORTFÖY KUZEY HİSSE SENEDİ SERBEST FON (HİS.SEN.YOĞ.FON),Serbest Şemsiye Fonu,13.5928,46.863,181.2651,425.7057,13.1236,889.5934,
FYA,İSTANBUL PORTFÖY ARK II SERBEST FON,Serbest Şemsiye Fonu,1.8948,26.2578,57.1258,155.8252,5.6959,,
TCD,TACİRLER PORTFÖY DEĞIŞKEN FON,Değişken Şemsiye Fonu,2.5357,47.2484,109.2342,124.6643,10.0349,446.7493,584.3002
IAR,İSTANBUL PORTFÖY DÖRDÜNCÜ SERBEST FON,Serbest Şemsiye Fonu,10.8548,41.9945,63.8379,101.3148,21.5073,,
RBH,ALBARAKA PORTFÖY KATILIM HİSSE SENEDİ FONU (HİSSE SENEDİ YOĞUN FON),Hisse Senedi Şemsiye Fonu,3.592,28.3905,74.8993,100.1494,10.3788,,
GMR,GEDİK PORTFÖY İKİNCİ HİSSE SENEDİ FONU (HİSSE SENEDİ YOĞUN FON),Hisse Senedi Şemsiye Fonu,7.9332,39.3225,76.1196,97.8308,15.6882,224.9756,458.8587
MPS,MÜKAFAT PORTFÖY KATILIM HİSSE SENEDİ FONU ( HİSSE SENEDİ YOĞUN FON ),Hisse Senedi Şemsiye Fonu,5.3748,32.0521,58.2859,92.7699,13.7742,171.5709,
OPI,OSMANLI PORTFÖY İKİNCİ HİSSE SENEDİ FONU(HİSSE SENEDİ YOĞUN FON),Hisse Senedi Şemsiye Fonu,5.7439,38.1605,73.6658,91.1694,12.8466,,
TKF,TACİRLER PORTFÖY HİSSE SENEDİ FONU (HİSSE SENEDİ YOĞUN FON),Hisse Senedi Şemsiye Fonu,-1.747,20.0146,58.276,91.0602,3.3638,292.509,569.9188
OPH,OSMANLI PORTFÖY BİRİNCİ HİSSE SENEDİ FONU(HİSSE SENEDİ YOĞUN FON),Hisse Senedi Şemsiye Fonu,3.3594,39.7128,81.6544,90.1714,14.1208,,
TTE,İŞ PORTFÖY BİST TEKNOLOJİ AĞIRLIKLI SINIRLAMALI ENDEKSİ HİSSE SENEDİ FONU (HİSSE SENEDİ YOĞUN FON),Hisse Senedi Şemsiye Fonu,6.09,35.2926,61.833,82.1715,17.1959,148.6776,415.1705
MAC,MARMARA CAPITAL PORTFÖY HİSSE SENEDİ FONU (HİSSE SENEDİ YOĞUN FON),Hisse Senedi Şemsiye Fonu,-0.9874,20.0902,56.0969,79.6217,3.8315,241.537,415.3859
IPJ,İŞ PORTFÖY ELEKTRİKLİ ARAÇLAR KARMA FON,Karma Şemsiye Fonu,-3.008,15.4975,38.4417,77.9262,5.1571,,
FRA,AZIMUT PORTFÖY MAB SERBEST ÖZEL FON,Serbest Şemsiye Fonu,5.4889,32.6504,76.1882,74.8468,4.0278,,
TCS,TACİRLER PORTFÖY SİRİUS SERBEST FON,Serbest Şemsiye Fonu,1.9632,26.4361,53.7118,74.551,7.3242,,
AFT,AK PORTFÖY YENİ TEKNOLOJİLER YABANCI HİSSE SENEDİ FONU,Hisse Senedi Şemsiye Fonu,-0.9848,7.7825,18.5977,73.2691,1.8736,259.1439,673.6544
IAS,QİNVEST PORTFÖY MUTLAK GETİRİ HEDEFLİ HİSSE SENEDİ SERBEST FON(HİSSE SENEDİ YOĞUN FON),Serbest Şemsiye Fonu,1.4588,16.6356,33.469,72.9586,7.5993,127.9972,
UPH,ÜNLÜ PORTFÖY HİSSE SENEDİ FONU(HİSSE SENEDİ YOĞUN FON),Hisse Senedi Şemsiye Fonu,2.9961,38.0464,67.7483,70.9278,12.9363,,
MPP,MEKSA PORTFÖY PRİME SERBEST FON,Serbest Şemsiye Fonu,-2.1485,-11.1597,-1.3157,70.659,-1.6532,165.8494,
TPP,TEB PORTFÖY PUSULA SERBEST FON,Serbest Şemsiye Fonu,10.2355,17.3243,35.7673,66.8895,10.2355,,
AIR,AZİMUT PORTFÖY ESİN SERBEST (DÖVİZ) ÖZEL FON,Serbest Şemsiye Fonu,62.0765,71.8292,45.8604,65.4992,58.8276,,
STZ,STRATEJİ PORTFÖY HİSSE SENEDİ SERBEST FON (HİSSE SENEDİ YOĞUN FON),Serbest Şemsiye Fonu,-0.171,21.317,58.1838,63.764,5.3877,,
FPH,FİBA PORTFÖY HİSSE SENEDİ FONU(HİSSE SENEDİ YOĞUN FON),Hisse Senedi Şemsiye Fonu,-0.6415,23.3491,51.0067,63.5785,5.1593,138.5063,
ZPE,ZİRAAT PORTFÖY KATILIM ENDEKSİ HİSSE SENEDİ FONU (HİSSE SENEDİ YOĞUN FON),Hisse Senedi Şemsiye Fonu,-0.3058,22.9953,45.9845,62.5869,4.8178,137.1215,245.7311
DNO,DENİZ PORTFÖY NECLA SERBEST (DÖVİZ) ÖZEL FON,Serbest Şemsiye Fonu,2.2545,28.3064,46.1878,62.5149,7.6441,,
IIS,İSTANBUL PORTFÖY İKİNCİ SERBEST FON,Serbest Şemsiye Fonu,3.8166,17,33.6006,61.3854,5.4482,,
IPR,İŞ PORTFÖY ICARUS SERBEST ÖZEL FON,Serbest Şemsiye Fonu,-0.3114,1.5754,14.5756,61.0414,-0.0051,,
YAS,YAPI KREDİ PORTFÖY KOÇ HOLDİNG İŞTİRAK VE HİSSE SENEDİ FONU(HİSSE SENEDİ YOĞUN FON),Hisse Senedi Şemsiye Fonu,1.4407,29.7441,61.4889,60.0324,10.0601,82.6183,151.9775
ISS,İŞ PORTFÖY DEĞER SERBEST ÖZEL FON,Serbest Şemsiye Fonu,3.903,28.4965,39.0873,59.48,5.306,,
ST1,STRATEJİ PORTFÖY BİRİNCİ HİSSE SENEDİ FONU(HİSSE SENEDİ YOĞUN FON),Hisse Senedi Şemsiye Fonu,1.0513,27.2209,50.2883,57.3141,6.3634,147.8016,259.638
YAY,YAPI KREDİ PORTFÖY YABANCI TEKNOLOJİ SEKTÖRÜ HİSSE SENEDİ FONU,Hisse Senedi Şemsiye Fonu,-1.4837,5.3031,16.073,55.2485,0.811,201.5883,492.4099
HDS,HEDEF PORTFÖY SERBEST FON,Serbest Şemsiye Fonu,4.7342,27.7633,47.1302,54.5329,14.3577,148.9233,
IPB,İSTANBUL PORTFÖY BİRİNCİ DEĞİŞKEN FON,Değişken Şemsiye Fonu,4.46,16.2821,46.3546,52.6674,7.9177,114.1896,181.659
OSF,OSMANLI PORTFÖY BALKAN SERBEST FON,Serbest Şemsiye Fonu,-1.5614,6.321,29.3619,52.3885,-0.1887,94.3268,
YDI,YAPI KREDİ PORTFÖY İKİNCİ HİSSE SENEDİ FONU (HİSSE SENEDİ YOĞUN FON),Hisse Senedi Şemsiye Fonu,3.1841,23.6789,49.5357,51.5461,9.7842,98.0766,211.898
IPU,İŞ PORTFÖY AS SERBEST ÖZEL FON,Serbest Şemsiye Fonu,0.2406,-2.276,2.4482,51.0972,-1.2055,,
IPC,İŞ PORTFÖY CK SERBEST ÖZEL FON,Serbest Şemsiye Fonu,0.2481,3.2851,13.165,49.128,-0.1485,,
AVC,ATA PORTFÖY İKİNCİ SERBEST FONU,Serbest Şemsiye Fonu,1.0223,57.5428,163.0196,48.6581,-2.1515,16.4992,26.2563
SRO,AZİMUT PORTFÖY SKY SERBEST ÖZEL FON,Serbest Şemsiye Fonu,4.8337,25.3932,53.3306,47.8013,9.6781,,
AFS,AK PORTFÖY SAĞLIK SEKTÖRÜ YABANCI HİSSE SENEDİ FONU,Hisse Senedi Şemsiye Fonu,-5.687,7.1995,23.2896,46.7719,0.3818,109.0084,323.1977
EID,QİNVEST PORTFÖY HİSSE SENEDİ FONU (HİSSE YOĞUN FON),Hisse Senedi Şemsiye Fonu,-4.0493,12.7952,38.3001,46.1552,0.112,150.4718,264.0064
TI3,İŞ PORTFÖY İŞ BANKASI İŞTİRAKLERİ ENDEKSİ HİSSE SENEDİ FONU (HİSSE SENEDİ YOĞUN FON),Hisse Senedi Şemsiye Fonu,-2.2035,8.3368,46.8214,45.9875,1.4845,85.1503,229.7853
GL1,AZİMUT PYŞ BİRİNCİ HİSSE SENEDİ FONU (HİSSE SENEDİ YOĞUN FON),Hisse Senedi Şemsiye Fonu,-2.2216,16.7412,43.1176,44.695,3.6667,155.5182,361.6456
GUH,GARANTİ PORTFÖY YABANCI BYF FON SEPETİ FONU,Fon Sepeti Şemsiye Fonu,-0.6783,5.6426,16.5619,43.8312,1.4558,106.214,284.5101
AAV,ATA PORTFÖY İKİNCİ HİSSE SENEDİ FONU (HİSSE SENEDİ YOĞUN FON),Hisse Senedi Şemsiye Fonu,-1.5275,22.5827,44.6077,43.6729,5.4876,91.1844,263.0906
IPK,İŞ PORTFÖY KOS SERBEST ÖZEL FON,Serbest Şemsiye Fonu,0.6994,0.6039,7.8344,43.4002,0.7989,,
DPT,DENİZ PORTFÖY BİST TEMETTÜ 25 ENDEKSİ HİSSE SENEDİ FONU ( HİSSE SENEDİ YOĞUN FON ),Hisse Senedi Şemsiye Fonu,-1.8131,25.5,50.839,42.7076,6.5101,47.9516,
GSP,AZİMUT PYŞ KAR PAYI ÖDEYEN HİSSE SENEDİ FONU (HİSSE SENEDİ YOĞUN FON),Hisse Senedi Şemsiye Fonu,0.4976,23.0679,43.9588,42.6201,8.6688,108.4215,192.4558
GBC,AZİMUT PYŞ YABANCI BYF FON SEPETİ FONU,Fon Sepeti Şemsiye Fonu,-5.664,-7.0646,-5.4965,42.446,-8.1412,142.6,273.6395
AHI,ATLAS PORTFÖY BİRİNCİ HİSSE SENEDİ FONU(HİSSE SENEDİ YOĞUN),Hisse Senedi Şemsiye Fonu,-1.983,23.9761,44.5693,42.2359,2.8639,66.8096,143.4993
ACD,İSTANBUL PORTFÖY İKİNCİ DEĞİŞKEN FON,Değişken Şemsiye Fonu,0.1749,18.8843,41.4389,42.0251,3.2879,74.2063,140.0999
YPP,YAPI KREDİ PORTFÖY PY KUZGUNCUK SERBEST ÖZEL FON,Serbest Şemsiye Fonu,2.3376,22.8532,43.9531,41.5858,8.1684,,
AHZ,AZİMUT PYŞ ATAK SERBEST FON,Serbest Şemsiye Fonu,1.3581,15.3221,28.8768,41.2548,4.6557,139.4901,
ISR,İŞ PORTFÖY BİRİNCİ SERBEST ÖZEL FON,Serbest Şemsiye Fonu,-1.2352,0.7483,12.7254,41.2511,0.9976,,
AYA,ATA PORTFÖY BİRİNCİ HİSSE SENEDİ FONU (HİSSE SENEDİ YOĞUN FON),Hisse Senedi Şemsiye Fonu,-0.2591,21.5652,42.6458,41.0037,5.9883,82.7644,234.9786
ALC,AK PORTFÖY BİST TEMETTÜ 25 ENDEKSİ HİSSE SENEDİ FONU (HİSSE SENEDİ YOĞUN FON),Hisse Senedi Şemsiye Fonu,-2.0649,23.8652,48.1404,40.9659,5.7634,48.7093,145.0417
KYA,KARE PORTFÖY HİSSE SENEDİ FONU(HİSSE SENEDİ YOĞUN FON),Hisse Senedi Şemsiye Fonu,1.2974,25.3471,51.5052,40.7611,6.9273,41.2188,142.2059
ODV,AK PORTFÖY ÜÇÜNCÜ FON SEPETİ FONU,Fon Sepeti Şemsiye Fonu,1.4483,12.1259,24.4667,39.7291,5.4991,98.3114,
HVS,HSBC PORTFÖY HİSSE SENEDİ FONU (HİSSE SENEDİ YOĞUN FON),Hisse Senedi Şemsiye Fonu,-3.8398,19.7526,49.1194,39.1181,2.0613,111.2649,288.7224
FRZ,AZİMUT PORTFÖY FRZ SERBEST ÖZEL FON,Serbest Şemsiye Fonu,1.9263,18.0348,37.5938,38.0934,5.8907,,
DBG,DENİZ PORTFÖY BEYAZ SERBEST ÖZEL FONU,Serbest Şemsiye Fonu,0.7415,-0.1058,6.9435,37.9715,0.7915,,323.7926
GME,GEDİK PORTFÖY EGE SERBEST ÖZEL FON,Serbest Şemsiye Fonu,-0.6967,0.2384,7.3036,37.9404,-0.2983,,
AFA,AK PORTFÖY  AMERİKA YABANCI HİSSE SENEDİ FONU,Hisse Senedi Şemsiye Fonu,-3.0539,1.3267,13.3879,37.8737,-0.9191,150.643,344.0211
FYD,QNB FINANS PORTFÖY BIRINCI HISSE SENEDI FONU (HISSE SENEDI YOĞUN FON),Hisse Senedi Şemsiye Fonu,-1.2396,21.8787,48.6931,37.3525,3.9823,66.7317,211.1056
DPL,DENİZ PORTFÖY NİL SERBEST (DÖVİZ) ÖZEL FON,Serbest Şemsiye Fonu,-0.0472,1.3762,18.2593,37.35,4.3525,,
HSA,HSBC PORTFÖY DEĞİŞKEN FON,Değişken Şemsiye Fonu,-0.5587,15.4874,32.3916,36.2033,4.0836,116.9987,247.5822
AHV,AZİMUT PYŞ DENGELİ SERBEST FON,Serbest Şemsiye Fonu,1.4208,11.0059,20.6138,35.4989,3.7147,119.1918,
TFF,TEB PORTFÖY YABANCI BYF FON SEPETİ FONU,Fon Sepeti Şemsiye Fonu,-1.1714,1.6419,9.9705,35.0494,-0.753,138.3858,
IPA,İŞ PORTFÖY SÜTAŞ İKİNCİ SERBEST ÖZEL FON,Serbest Şemsiye Fonu,-2.048,21.4004,35.9698,34.8497,5.5292,83.9852,176.861
IAF,İSTANBUL PORTFÖY ARK I SERBEST FON,Serbest Şemsiye Fonu,-5.4285,1.4879,9.5896,34.1652,-3.4927,,
DAH,DENİZ PORTFÖY HİSSE SENEDİ FONU (HİSSE SENEDİ YOĞUN FON),Hisse Senedi Şemsiye Fonu,-0.6202,17.5035,41.0635,34.087,4.0482,42.5599,135.6502
YKS,YAPI KREDİ PORTFÖY İSTANBUL SERBEST FON,Serbest Şemsiye Fonu,3.4808,12.0677,24.0281,34.0643,4.2954,,
ACU,İSTANBUL PORTFÖY URARTU SERBEST (DÖVİZ) FON,Serbest Şemsiye Fonu,-3.0653,-2.2939,6.9355,34.0263,-2.6054,,
GMA,AZİMUT PYŞ ÇOKLU VARLIK DEĞİŞKEN FON,Değişken Şemsiye Fonu,1.0842,13.5811,24.7041,34.0005,6.0793,120.0798,243.6051
OKD,OYAK PORTFÖY BİRİNCİ DEĞİŞKEN FON,Değişken Şemsiye Fonu,-0.7211,12.2986,26.5313,33.8866,2.1005,95.0263,218.9401
AED,ATA PORTFÖY BİRİNCİ DEĞİŞKEN FON,Değişken Şemsiye Fonu,-0.6789,10.3767,17.6501,33.8647,2.8874,-45.0432,-41.1749
FID,FİBA PORTFÖY ÇOKLU VARLIK İKİNCİ DEĞİŞKEN FON,Değişken Şemsiye Fonu,-2.6222,10.0824,29.0883,33.7125,1.4539,104.3031,163.4329
OPB,OSMANLI PORTFÖY BİRİNCİ DEĞİŞKEN FON,Değişken Şemsiye Fonu,-0.0302,11.638,26.6926,33.5735,3.2283,,
AII,AZİMUT PORTFÖY ÇINAR SERBEST (DÖVİZ) ÖZEL FON,Serbest Şemsiye Fonu,-2.3163,-0.8853,10.5558,32.8749,-0.5389,,
IPO,İŞ PORTFÖY ONUR SERBEST ÖZEL FON,Serbest Şemsiye Fonu,-4.0149,-1.6309,13.332,32.7427,-4.4523,,
GHS,GARANTİ PORTFÖY HİSSE SENEDİ FONU (HİSSE SENEDİ YOĞUN FON),Hisse Senedi Şemsiye Fonu,-1.5335,20.9178,46.3793,32.4795,4.3612,68.7916,182.5904
ARM,AK PORTFÖY İKİNCİ FON SEPETİ FONU,Fon Sepeti Şemsiye Fonu,1.7348,8.5054,17.0415,31.4981,4.0664,89.7743,143.6099
OHB,OYAK PORTFÖY BİRİNCİ HİSSE SENEDİ FONU (HİSSE SENEDİ YOĞUN FON),Hisse Senedi Şemsiye Fonu,-3.7472,18.4523,41.5502,31.4559,1.4583,72.8112,
AZJ,AZİMUT PYŞ STRATEJİ-1 SERBEST FON,Serbest Şemsiye Fonu,1.6924,7.9454,15.4354,31.4317,3.4562,103.4896,
TYH,TEB PORTFÖY HİSSE SENEDİ FONU (HİSSE SENEDİ YOĞUN FON),Hisse Senedi Şemsiye Fonu,-1.1189,18.8874,42.0361,31.3229,4.6449,61.24,178.7676
TLH,AURA PORTFÖY HİSSE SENEDİ FONU (HİSSE SENEDİ YOĞUN FON),Hisse Senedi Şemsiye Fonu,2.836,16.5956,44.6305,30.4045,7.9995,41.7356,165.2386
YHS,YAPI KREDİ PORTFÖY BİRİNCİ HİSSE SENEDİ FONU (HİSSE SENEDİ YOĞUN FON),Hisse Senedi Şemsiye Fonu,-2.3775,14.4174,35.687,30.3964,3.0104,46.9499,136.6011
TMG,İŞ PORTFÖY YABANCI HİSSE SENEDİ FONU,Hisse Senedi Şemsiye Fonu,-3.7759,-2.2087,6.5067,29.5441,-2.5951,112.8486,229.6329
ECA,GLOBAL MD PORTFÖY BİRİNCİ DEĞİŞKEN FON,Değişken Şemsiye Fonu,-0.1045,11.2858,23.4152,29.3133,2.3111,76.3111,118.8149
YAN,YAPI KREDİ PORTFÖY BİRİNCİ FON SEPETİ FONU,Fon Sepeti Şemsiye Fonu,-0.5123,6.2609,16.5971,29.3035,1.5018,96.5033,
YPF,YAPI KREDİ PORTFÖY YEDİTEPE SERBEST FON,Serbest Şemsiye Fonu,4.3082,6.1072,7.0528,28.7863,3.6625,,
ACC,İSTANBUL PORTFÖY DÖRDÜNCÜ HİSSE SENEDİ FONU (HİSSE SENEDİ YOĞUN),Hisse Senedi Şemsiye Fonu,3.1211,9.3741,18.486,28.7247,8.3339,128.6786,
FYM,AZİMUT PORTFÖY ÜÇÜNCÜ SERBEST (DÖVİZ) FON,Serbest Şemsiye Fonu,-6.107,-6.7066,-1.5621,28.6553,-7.7757,107.4063,
FYH,AZİMUT PYŞ SERBEST ( DÖVİZ ) FON,Serbest Şemsiye Fonu,-4.177,-5.2141,-0.4471,27.7883,-4.2917,120.7933,
DDE,DENİZ PORTFÖY BADE SERBEST (DÖVİZ) ÖZEL FON,Serbest Şemsiye Fonu,-4.6508,-2.3506,9.2298,27.7452,-4.3986,,
TPR,İŞ PORTFÖY PY HİSSE SENEDİ ÖZEL FONU (HİSSE SENEDİ YOĞUN FON),Hisse Senedi Şemsiye Fonu,-2.2133,16.7624,36.8297,27.5998,2.8671,40.8686,133.8633
MPN,MÜKAFAT PORTFÖY İKİNCİ AKTİF SERBEST (DÖVİZ) FON,Serbest Şemsiye Fonu,0,2.1602,9.1418,27.4075,0,,
KTM,KT PORTFÖY BİRİNCİ KATILIM FONU,Katılım Şemsiye Fonu,1.4831,7.3071,13.3327,27.2697,3.2674,86.4561,131.897
IIP,İSTANBUL PORTFÖY ARİES SERBEST FON,Serbest Şemsiye Fonu,2.029,8.1351,15.3168,27.2599,3.5544,,
KUB,KARE PORTFÖY DEĞİŞKEN  (DÖVİZ) FONU,Değişken Şemsiye Fonu,-2.5507,2.2646,12.7935,27.1086,0.1018,133.8783,245.9841
SPE,AZIMUT PORTFÖY 5.0 SERBEST (DÖVIZ) FON,Serbest Şemsiye Fonu,-1.5011,0.3316,9.7549,26.9502,-0.473,,
RBA,ALBARAKA PORTFÖY ALTIN KATILIM FONU,Katılım Şemsiye Fonu,-8.9624,-12.2889,-14.1775,26.6601,-9.7084,,
FVS,QNB FİNANS PORTFÖY VİZYON SERBEST (DÖVİZ) ÖZEL FON,Serbest Şemsiye Fonu,-2.2943,-4.0471,9.2731,26.543,-2.8499,,
AAS,ATA PORTFÖY FON SEPETİ SERBEST FONU,Serbest Şemsiye Fonu,4.0239,10.2851,11.1435,26.4258,7.2297,101.1796,161.9739
TLZ,ATA PORTFÖY ANALİZ HİSSE SENEDİ FONU (HİSSE SENEDİ YOĞUN FON),Hisse Senedi Şemsiye Fonu,3.1522,25.0042,41.2615,26.3867,9.1385,,
GTA,GARANTİ PORTFÖY ALTIN FONU,Kıymetli Madenler Şemsiye Fonu,-10.757,-14.8687,-16.5392,26.3841,-11.7435,128.5325,208.8841
GBG,GEDİK PORTFÖY G-20 ÜLKELERİ YABANCI HİSSE SENEDİ FONU,Hisse Senedi Şemsiye Fonu,-8.0618,0.126,9.5431,26.2288,-2.9807,96.5158,272.2125
YKT,YAPI KREDİ PORTFÖY ALTIN FONU,Kıymetli Madenler Şemsiye Fonu,-10.7827,-14.7069,-16.6923,26.1818,-11.7578,130.4744,212.4028
ACK,İSTANBUL PORTFÖY HİSSE SENEDİ FONU(HİSSE SENEDİ YOĞUN FON),Hisse Senedi Şemsiye Fonu,0.3254,17.7064,37.0205,26.133,2.5328,100.8788,136.1062
DSD,DENİZ PORTFÖY İKİNCİ SERBEST (DÖVİZ) FON,Serbest Şemsiye Fonu,-6.4866,-3.7574,7.2292,26.0787,-6.719,,
SUC,ÜNLÜ PORTFÖY ÜÇÜNCÜ DEĞIŞKEN FON,Değişken Şemsiye Fonu,1.1774,8.5311,15.2978,26.0387,3.4772,89.1843,141.7463
FIB,FİBA PORTFÖY ALTIN FONU,Kıymetli Madenler Şemsiye Fonu,-10.8266,-14.857,-16.9375,25.9174,-11.9115,126.7973,208.9764
HBF,HSBC PORTFÖY ALTIN FONU,Kıymetli Madenler Şemsiye Fonu,-9.9091,-13.932,-16.28,25.9109,-10.8011,124.0414,206.0228
DBA,DENİZ PORTFÖY ALTIN FONU,Kıymetli Madenler Şemsiye Fonu,-10.6171,-14.6392,-16.4892,25.8992,-11.5916,125.2865,204.6041
YAC,YAPI KREDİ PORTFÖY İKİNCİ FON SEPETİ FONU,Fon Sepeti Şemsiye Fonu,-2.6174,2.477,11.017,25.7455,-0.956,,
TTA,İŞ PORTFÖY ALTIN FONU,Kıymetli Madenler Şemsiye Fonu,-10.7025,-14.593,-16.4719,25.7378,-11.6944,127.9171,212.0355
DPV,DENİZ PORTFÖY ENDA SERBEST ÖZEL FON,Serbest Şemsiye Fonu,3.5726,14.1002,35.2774,25.6297,1.4296,,
OPD,OSMANLI PORTFÖY ANKA SERBEST FON,Serbest Şemsiye Fonu,2.7851,10.4803,13.8374,25.6097,2.7851,,
TDB,TEB PORTFÖY BOĞAZİÇİ SERBEST (DÖVİZ) FON,Serbest Şemsiye Fonu,1.406,-1.775,12.8886,25.5962,1.406,,
AFO,AK PORTFÖY ALTIN FONU,Kıymetli Madenler Şemsiye Fonu,-10.5275,-14.6448,-16.4818,25.4952,-11.485,127.808,210.9811
ICF,ICBC TURKEY PORTFÖY HİSSE SENEDİ FONU(HİSSE SENEDİ YOĞUN FON),Hisse Senedi Şemsiye Fonu,-1.3003,14.3781,34.5634,25.454,2.0266,50.2356,151.5798
FUP,QNB FİNANS PORTFÖY BAYSAN SERBEST (DÖVİZ) ÖZEL FON,Serbest Şemsiye Fonu,-3.4707,-2.0713,10.1738,25.0622,-1.241,,
TUA,TEB PORTFÖY ALTIN FONU,Kıymetli Madenler Şemsiye Fonu,-10.7285,-14.7537,-16.9341,24.9873,-11.6861,125.9185,207.4455
GDS,GARANTİ PORTFÖY DÖRDÜNCÜ SERBEST (DÖVİZ) FON,Serbest Şemsiye Fonu,-0.7439,-8.8079,7.4985,24.9037,-0.7439,,
IPP,PERFORM PORTFÖY BIRINCI SERBEST FON,Serbest Şemsiye Fonu,-4.6835,-17.5295,4.794,24.8572,-4.6835,,
ARL,AK PORTFÖY BİRİNCİ FON SEPETİ FONU,Fon Sepeti Şemsiye Fonu,1.5029,6.5479,13.5462,24.857,3.4294,80.4556,128.0227
ICA,ICBC TURKEY PORTFÖY ALTIN FONU,Kıymetli Madenler Şemsiye Fonu,-10.3391,-14.0724,-16.1841,24.8517,-11.316,162.7854,256.4038
YSF,YAPI KREDİ PORTFÖY DRAGOS SERBEST  FON,Serbest Şemsiye Fonu,2.4644,4.9215,6.9745,24.8411,3.2244,,
YMM,YAPI KREDİ PORTFÖY EMİRGAN SERBEST (DÖVİZ) FON,Serbest Şemsiye Fonu,-0.6122,-7.2749,9.2553,24.8331,-0.6122,,
HOY,HSBC PORTFÖY YABANCI BYF FON SEPETI,Fon Sepeti Şemsiye Fonu,-3.6786,-3.2475,3.1603,24.7297,-2.5695,101.9711,191.576
TZD,ZİRAAT PORTFÖY HİSSE SENEDİ FONU (HİSSE SENEDİ YOĞUN FON),Hisse Senedi Şemsiye Fonu,-0.291,16.0482,33.7122,24.7256,4.2141,40.8874,140.2094
TCA,ZİRAAT PORTFÖY ALTIN KATILIM FONU,Katılım Şemsiye Fonu,-10.4829,-14.62,-16.1313,24.6935,-11.5854,129.4374,213.9741
TI2,İŞ PORTFÖY HİSSE SENEDİ FONU (HİSSE SENEDİ YOĞUN FON),Hisse Senedi Şemsiye Fonu,-2.3029,19.1879,39.4207,24.6761,2.4217,35.8511,115.8036
APP,AK PORTFÖY P1 SERBEST ÖZEL FON,Serbest Şemsiye Fonu,-4.8172,-5.1494,2.7102,24.5306,-3.6615,120.2243,204.1173
PRF,AZİMUT PORTFÖY IRF SERBEST (DÖVİZ) ÖZEL FON,Serbest Şemsiye Fonu,-9.7417,-9.0953,2.7741,24.5055,-8.4899,,
PUD,AK PORTFÖY AKY SERBEST (DÖVİZ) ÖZEL FON,Serbest Şemsiye Fonu,-4.3884,-2.492,8.5578,24.3473,-2.0087,,
IID,İŞ PORTFÖY İKİNCİ SERBEST (DÖVİZ) FON,Serbest Şemsiye Fonu,-0.7214,-7.0537,11.1308,24.2818,-0.7214,,
GPL,GARANTİ PORTFÖY BİRİNCİ SERBEST ÖZEL FON,Serbest Şemsiye Fonu,-1.0771,0.6038,8.1408,24.2782,-0.9712,106.8464,
DPC,DENİZ PORTFÖY FRS SERBEST (DÖVİZ) ÖZEL FON,Serbest Şemsiye Fonu,-4.2718,-5.3793,3.646,24.2194,-4.0091,,
FPE,FİBA PORTFÖY EUROBOND BORÇLANMA ARAÇLARI (DÖVİZ)FONU,Borçlanma Araçları Şemsiye Fonu,-4.832,-4.7208,6.0092,24.1716,-4.2561,117.2593,
DPG,DENİZ PORTFÖY ESMER SERBEST (DÖVİZ) ÖZEL FON,Serbest Şemsiye Fonu,-3.5979,-3.7181,8.2979,24.1714,-3.4019,,
FYB,AZİMUT PYŞ EB SERBEST ( DÖVİZ ) ÖZEL FON,Serbest Şemsiye Fonu,-1.2157,-1.8238,6.1628,24.1535,-1.271,117.5782,
YYB,YAPI KREDİ PORTFÖY BEBEK SERBEST (DÖVİZ) FON,Serbest Şemsiye Fonu,-1.0474,-8.8892,7.293,23.9126,-1.0474,,
SPG,AZİMUT PORTFÖY BEG SERBEST ÖZEL FON,Serbest Şemsiye Fonu,1.1815,5.9078,13.1456,23.7462,2.6016,,
SPD,AZIMUT PORTFÖY BEG SERBEST (DÖVIZ) ÖZEL FON,Serbest Şemsiye Fonu,-2.8557,-2.0881,6.94,23.7046,-3.1745,,
YRO,YAPI KREDİ PORTFÖY ODEABANK SERBEST (DÖVİZ)ÖZEL FON,Serbest Şemsiye Fonu,-0.9923,-8.9553,7.0851,23.6475,-0.9923,,
AN1,STRATEJİ PORTFÖY BİRİNCİ DEĞİŞKEN FON,Değişken Şemsiye Fonu,1.4457,10.8734,24.4605,23.5743,5.0755,75.9501,114.3793
PBB,AZİMUT PORTFÖY BB SERBEST (DÖVİZ) ÖZEL FON,Serbest Şemsiye Fonu,-2.9362,-2.6166,6.4994,23.5651,-4.289,,
DZE,DENİZ PORTFÖY BIST 100 ENDEKSİ HİSSE SENEDİ FONU(HİSSE SENEDİ YOĞUN FON),Hisse Senedi Şemsiye Fonu,-1.4417,16.8615,36.4327,23.4594,3.8104,29.5172,111.8802
IYS,İŞ PORTFÖY SÜTAŞ SERBEST ÖZEL FON,Serbest Şemsiye Fonu,-1.9045,6.886,14.6351,23.3645,1.2498,85.9451,158.5257
DPE,DENİZ PORTFÖY EGE SERBEST (DÖVİZ) ÖZEL FON,Serbest Şemsiye Fonu,-3.6322,-3.7565,8.3486,23.3596,-3.7106,,
TAO,TEB PORTFÖY ALARKO GRUBU DEĞİŞKEN ÖZEL FON,Değişken Şemsiye Fonu,1.3211,9.7357,18.2552,23.282,3.7306,81.588,145.9305
YRF,YAPI KREDİ PORTFÖY ODEABANK İKİNCİ SERBEST(DÖVİZ)ÖZEL FON,Serbest Şemsiye Fonu,-0.8199,-8.3045,7.7098,23.2174,-0.8199,,
KZL,KT PORTFÖY KIZILAY'A DESTEK ALTIN KATILIM FONU,Katılım Şemsiye Fonu,-10.8094,-14.6575,-16.9321,22.8707,-11.7991,,
DSM,DENİZ PORTFÖY MERT SERBEST (DÖVİZ) ÖZEL FON,Serbest Şemsiye Fonu,-3.1113,-2.3176,9.5235,22.8357,-1.9675,,
DPN,DENİZ PORTFÖY NEVA SERBEST (DÖVİZ) ÖZEL FON,Serbest Şemsiye Fonu,-3.914,-3.2743,7.5088,22.7629,-2.9019,,
TGE,İŞ PORTFÖY EMTIA YABANCI BYF FON SEPETI FONU,Fon Sepeti Şemsiye Fonu,2.8504,9.8152,13.5443,22.7104,7.766,60.9309,160.453
KSY,YAPI KREDİ PORTFÖY PY KANDİLLİ SERBEST ÖZEL FON,Serbest Şemsiye Fonu,3.9031,20.2568,42.7605,22.6178,2.9717,,
DBH,DENİZ PORTFÖY EUROBOND (DÖVİZ) BORÇLANMA ARAÇLARI FONU,Borçlanma Araçları Şemsiye Fonu,-4.0404,-4.668,11.0174,22.5374,-5.6874,110.6918,190.595
YTD,YAPI KREDİ PORTFÖY YABANCI FON SEPETİ FONU,Fon Sepeti Şemsiye Fonu,-7.4225,-7.8427,-2.168,22.461,-6.6911,110.8203,193.5072
IBD,İŞ PORTFÖY BAYRAKTARLAR HOLDİNG DEĞİŞKEN ÖZEL FON,Değişken Şemsiye Fonu,-5.2722,-5.5185,6.6989,22.4061,-5.6253,125.0141,210.1974
GSG,AZİMUT PORTFÖY GÜREL SERBEST (DÖVİZ) ÖZEL FON,Serbest Şemsiye Fonu,-2.3502,-1.928,6.5627,22.1299,-2.1921,,
TPE,İŞ PORTFÖY PY EUROBOND BORÇLANMA ARAÇLARI (DÖVİZ) ÖZEL FONU,Borçlanma Araçları Şemsiye Fonu,-5.6676,-5.9084,3.1546,21.9268,-4.4985,124.0685,219.6951
DAT,DENİZ PORTFÖY ARMUT SERBEST (DÖVİZ) ÖZEL FON,Serbest Şemsiye Fonu,-3.3447,-1.7582,8.623,21.9169,-1.8241,,
IDD,LOGOS PORTFÖY DİNAMİK DAĞIMLI SERBEST FON,Serbest Şemsiye Fonu,2.7636,11.0298,21.2266,21.8802,5.2705,,
TCC,TACİRLER PORTFÖY SERBEST ( DÖVİZ ) FON,Serbest Şemsiye Fonu,-4.1518,-6.2294,-1.9801,21.8616,-2.1825,108.4206,177.0816
DPP,DENİZ PORTFÖY HLC SERBEST (DÖVİZ) ÖZEL FON,Serbest Şemsiye Fonu,-3.6988,-3.7165,7.2814,21.7005,-2.6684,,
DDS,DENİZ PORTFÖY DAMLA SERBEST ÖZEL FON,Serbest Şemsiye Fonu,-0.7279,0.4103,12.984,21.6649,-0.0337,,
EIB,QİNVEST PORTFÖY DEĞİŞKEN FON,Değişken Şemsiye Fonu,1.3455,5.5405,11.4557,21.6436,2.1485,96.0656,130.7937
EBD,GLOBAL MD PORTFÖY İKİNCİ DEĞİŞKEN FON,Değişken Şemsiye Fonu,0.5254,11.3421,23.2704,21.5209,3.3568,63.2843,96.1674
YAR,İŞ PORTFÖY RESAN DEĞİŞKEN ÖZEL FON,Değişken Şemsiye Fonu,-1.8137,13.4442,31.0553,21.3453,2.1854,51.6803,159.1671
IPV,İŞ PORTFÖY EUROBOND BORÇLANMA ARAÇLARI (DÖVİZ) FONU,Borçlanma Araçları Şemsiye Fonu,-5.7436,-5.8664,3.1049,21.3201,-4.5636,115.936,
AK3,AK PORTFÖY HİSSE SENEDİ FONU (HİSSE SENEDİ YOĞUN FON),Hisse Senedi Şemsiye Fonu,-2.7133,18.3423,38.3293,21.2399,3.3098,45.9549,141.8566
DCP,DENİZ PORTFÖY CÖMERT SERBEST (DÖVİZ) ÖZEL FON,Serbest Şemsiye Fonu,-3.6743,-3.3597,9.3046,21.1802,-2.5765,,
YPK,YAPI KREDİ PORTFÖY GALATA SERBEST FON,Serbest Şemsiye Fonu,2.6544,5.1956,12.2516,21.1042,2.2784,,
SUA,ÜNLÜ PORTFÖY BİRİNCİ DEĞİŞKEN FON,Değişken Şemsiye Fonu,0.9994,6.4851,11.3839,21.0412,3.2353,86.7172,166.527
FFS,FİBA PORTFÖY SERBEST (DÖVİZ) FON,Serbest Şemsiye Fonu,-5.9833,-5.2149,2.4925,20.8983,-4.5423,,
AIG,AZİMUT PORTFÖY İA SERBEST ÖZEL FON,Serbest Şemsiye Fonu,-2.3054,-3.6868,4.3698,20.8066,-3.3392,102.5309,182.1242
AKE,AK PORTFÖY EUROBOND (AMERİKAN DOLARI) BORÇLANMA ARAÇLARI FONU,Borçlanma Araçları Şemsiye Fonu,-4.8552,-4.9634,7.549,20.8027,-5.5148,106.0874,175.6956
HPD,HSBC PORTFÖY ÇOKLU VARLIK İKİNCİ DEĞİŞKEN FON,Değişken Şemsiye Fonu,0.2366,5.3461,12.8668,20.7201,1.7989,67.5986,118.5805
FNO,QNB FINANS PORTFÖY BIRINCI DEĞIŞKEN FON,Değişken Şemsiye Fonu,-0.886,2.4721,7.014,20.596,0.5535,61.4585,117.388
AZV,AZİMUT PYŞ BKS SERBEST ÖZEL FON,Serbest Şemsiye Fonu,-2.237,-1.254,7.7493,20.544,-2.0031,75.9881,
YOA,YAPI KREDİ PORTFÖY PY BORÇLANMA ARAÇLARI (DÖVİZ) ÖZEL FONU,Borçlanma Araçları Şemsiye Fonu,-5.2077,-5.6838,4.1089,20.5319,-4.4218,121.7271,
DAI,DENİZ PORTFÖY ARTI SERBEST (DÖVİZ) ÖZEL FON,Serbest Şemsiye Fonu,-4.1415,-4.3579,7.6604,20.3253,-3.5339,,
GPC,GARANTİ PORTFÖY İKİNCİ SERBEST ( DÖVİZ ) FON,Serbest Şemsiye Fonu,-4.7027,-3.6569,7.921,20.2822,-3.8761,,
TZC,ZİRAAT PORTFÖY BÜYÜYEN ÇOCUKLARA YÖNELİK DEĞİŞKEN ÖZEL FON,Değişken Şemsiye Fonu,0.6244,8.8349,17.4778,20.2045,2.749,61.6247,128.8041
TPC,TEB PORTFÖY BİRİNCİ FON SEPETİ FONU,Fon Sepeti Şemsiye Fonu,-1.6547,3.3851,1.4586,20.1836,0.0697,,
DPA,DENİZ PORTFÖY ARSLAN SERBEST (DÖVİZ) ÖZEL FON,Serbest Şemsiye Fonu,-3.843,-4.0026,8.2104,20.0192,-2.7658,,
ACZ,İSTANBUL PORTFÖY HİTİT SERBEST FON,Serbest Şemsiye Fonu,-1.2365,3.6499,11.3142,19.9959,-0.7908,74.6963,
AAK,ATA PORTFÖY ÇOKLU VARLIK DEĞİŞKEN FON,Değişken Şemsiye Fonu,-0.6015,6.1586,9.8432,19.9142,1.7013,80.1111,142.5422
GAF,GEDİK PORTFÖY BİRİNCİ HİSSE SENEDİ FONU (HİSSE SENEDİ YOĞUN FON),Hisse Senedi Şemsiye Fonu,-1.47,14.0301,38.9115,19.802,2.1056,59.5038,125.8207
EIC,QİNVEST PORTFÖY İKİNCİ DEĞİŞKEN FONU,Değişken Şemsiye Fonu,0.9962,5.5956,10.7543,19.564,1.8173,89.4281,130.7291
AOY,AK PORTFÖY ALTERNATİF ENERJİ YABANCI HİSSE SENEDİ FONU,Hisse Senedi Şemsiye Fonu,-12.3349,-9.9813,-0.4958,19.5269,-11.3317,91.1864,254.5924
FYI,AZİMUT PORTFÖY 4.0 SERBEST FON,Serbest Şemsiye Fonu,3.2276,7.387,14.3148,19.4963,3.1302,,
SPN,AZIMUT PORTFÖY PİYASA NÖTR SERBEST FON,Serbest Şemsiye Fonu,1.7735,5.9022,9.3652,19.4948,3.4565,,
FUB,QNB FINANS PORTFÖY EUROBOND BORÇLANMA ARAÇLARI FONU,Borçlanma Araçları Şemsiye Fonu,-4.8771,-5.0717,6.983,19.3572,-4.7558,113.8115,184.5269
KRF,KARE PORTFÖY BİRİNCİ DEĞİŞKEN FON,Değişken Şemsiye Fonu,1.0861,8.884,16.0395,19.3164,3.4656,,
TCI,TACİRLER PORTFÖY İSTATİSTİKSEL ARBİTRAJ SERBEST FON,Serbest Şemsiye Fonu,1.8591,5.7258,10.2966,19.2461,2.9909,,
GSE,AZİMUT PORTFÖY 7.0 SERBEST (DÖVİZ) FON,Serbest Şemsiye Fonu,-4.8846,-6.843,-2.203,19.218,-5.0159,,
KRT,KARE PORTFÖY TÜRKİYE ODAKLI SERBEST (DÖVİZ ) FON,Serbest Şemsiye Fonu,-3.8793,-5.0579,1.0141,19.2018,-4.0563,,
IBR,AZİMUT PYŞ MUTLAK GETİRİ HEDEFLİ SERBEST FON,Serbest Şemsiye Fonu,-3.4603,-3.8826,5.2075,19.1324,-3.4043,71.1643,
AHN,ATLAS PORTFÖY SERBEST(DÖVİZ)FON,Serbest Şemsiye Fonu,-5.5391,-5.6053,2.3315,18.9561,-4.3296,,
ZPC,ZİRAAT PORTFÖY FON SEPETİ FONU,Fon Sepeti Şemsiye Fonu,-1.9024,2.4586,8.7006,18.6872,-0.4036,77.7113,120.4857
YPL,YAPI KREDİ PORTFÖY BALAT SERBEST (DÖVİZ) FON,Serbest Şemsiye Fonu,-5.7122,-6.6464,-1.2593,18.6775,-4.7721,,
GPI,GARANTİ PORTFÖY İKİNCİ DEĞİŞKEN FON,Değişken Şemsiye Fonu,-0.0209,4.6748,11.5556,18.6215,1.1312,69.4712,130.0584
AJL,AK PORTFÖY BEŞİNCİ SERBEST (DÖVIZ) FON,Serbest Şemsiye Fonu,-5.4186,-5.7244,2.5929,18.4703,-3.6446,,
AJK,AK PORTFÖY İKINCI SERBEST (DÖVIZ) FON,Serbest Şemsiye Fonu,-5.0159,-4.3285,5.3412,18.3961,-3.2544,,
GAS,GARANTİ PORTFÖY ÜÇÜNCÜ SERBEST(DÖVİZ) FON,Serbest Şemsiye Fonu,-5.9572,-6.0874,0.8596,18.2385,-4.062,,
UPS,ÜNLÜ PORTFÖY BEŞİNCİ SERBEST (DÖVİZ) ÖZEL FON,Serbest Şemsiye Fonu,-3.8891,-4.7835,2.3085,18.1198,-3.8004,,
EC2,GLOBAL MD PORTFÖY BİRİNCİ HİSSE SENEDİ FONU(HİSSE SENEDİ YOĞUN FON),Hisse Senedi Şemsiye Fonu,-3.8043,11.5064,36.2396,18.1005,-0.7669,40.1826,111.2651
STS,STRATEJİ PORTFÖY BİRİNCİ SERBEST (DÖVİZ) FON,Serbest Şemsiye Fonu,-4.772,-2.7754,6.5705,18.0589,-2.4607,,
YBE,YAPI KREDİ PORTFÖY EUROBOND (DOLAR) BORÇLANMA ARAÇLARI FONU,Borçlanma Araçları Şemsiye Fonu,-4.0071,-4.3286,7.6774,17.9974,-4.7672,103.7947,178.072
IBB,İŞ PORTFÖY ÜÇÜNCÜ DEĞİŞKEN FON,Değişken Şemsiye Fonu,-2.8052,2.4923,9.1662,17.9174,-1.5063,,
TDG,İŞ PORTFÖY YABANCI BORÇLANMA ARAÇLARI FONU,Borçlanma Araçları Şemsiye Fonu,-7.0342,-9.7584,-4.4748,17.9056,-6.68,102.6679,177.2516
ACN,İSTANBUL PORTFÖY LİDYA SERBEST (DÖVİZ) FON,Serbest Şemsiye Fonu,-1.2854,2.578,13.9996,17.8138,-0.2318,70.4692,
ICC,ICBC TURKEY PORTFÖY İKİNCİ DEĞİŞKEN FON,Değişken Şemsiye Fonu,0.7694,7.8454,17.2166,17.7757,2.2265,50.1376,113.0166
DSP,DENİZ PORTFÖY BİRİNCİ FON SEPETİ FONU,Fon Sepeti Şemsiye Fonu,-0.4443,3.6738,7.9495,17.6948,0.8953,54.12,
HDB,HSBC PORTFÖY BİRİNCİ SERBEST (DÖVİZ) FON,Serbest Şemsiye Fonu,-6.2698,-6.2449,-0.3684,17.5409,-5.2647,,
TPJ,TEB PORTFÖY BİRİNCİ SERBEST (DÖVİZ) FON,Serbest Şemsiye Fonu,-6.0528,-5.6452,2.1761,17.5035,-4.6829,,
DPB,DENİZ PORTFÖY SERBEST (DÖVİZ) FON,Serbest Şemsiye Fonu,-4.2846,-3.9841,8.3801,17.468,-3.9337,,
ANZ,ATA PORTFÖY DÖRDÜNCÜ SERBEST (DÖVİZ) FON,Serbest Şemsiye Fonu,-5.1289,-4.7528,2.2702,17.4228,-3.871,109.9022,
GPA,GARANTİ PORTFÖY EUROBOND BORÇLANMA ARAÇLARI (DÖVİZ) FONU,Borçlanma Araçları Şemsiye Fonu,-4.619,-4.9105,5.245,17.4126,-3.9706,102.6518,167.4255
YAK,YAPI KREDİ PORTFÖY KARMA FON,Karma Şemsiye Fonu,-1.2331,8.2518,20.1056,17.3103,1.0369,42.4129,94.2007
TLE,AURA PORTFÖY YABANCI BORÇLANMA ARAÇLARI FONU,Borçlanma Araçları Şemsiye Fonu,-5.6319,-3.9971,3.9929,17.2839,-5.004,103.9345,213.6968
FYG,AZİMUT PORTFÖY ÖPY SERBEST ( DÖVİZ ) ÖZEL FON,Serbest Şemsiye Fonu,-4.6292,-7.2023,-2.6009,17.2239,-4.5237,-50.3253,
TKK,İŞ PORTFÖY KUMBARA HESABI KARMA ÖZEL FON,Karma Şemsiye Fonu,-1.427,4.4947,14.9139,17.1056,-0.0795,63.9665,114.3619
GPU,GARANTİ PORTFÖY ÜÇÜNCÜ DEĞİŞKEN FON,Değişken Şemsiye Fonu,-0.4118,4.446,12.9026,17.0786,0.8858,68.2165,145.5118
ICS,ICBC TURKEY PORTFÖY SERBEST (DÖVİZ) FON,Serbest Şemsiye Fonu,-5.9959,-7.0017,-0.8251,16.7772,-4.9966,,
TPV,AURA PORTFÖY İKİNCİ DEĞİŞKEN FON,Değişken Şemsiye Fonu,-2.757,4.8317,11.2178,16.7736,1.8272,53.4179,
AGC,AK PORTFÖY AGI DEĞİŞKEN FON,Değişken Şemsiye Fonu,-5.683,-7.9467,-2.3721,16.7671,-5.8171,,
OBP,OYAK PORTFÖY İKİNCİ DEĞİŞKEN FON,Değişken Şemsiye Fonu,1.0726,6.9243,12.2023,16.7517,2.2543,62.6637,93.2935
GKS,GEDİK PORTFÖY İKİNCİ SERBEST FON,Serbest Şemsiye Fonu,-0.0069,3.1186,8.7199,16.6426,1.2138,,
TNI,TEB PORTFÖY ING BANK ÖZEL BANKACILIK VE PLATİNUM DEĞİŞKEN ÖZEL FON,Değişken Şemsiye Fonu,-0.6468,3.5467,8.5721,16.6312,0.4138,,
KRS,KARE PORTFÖY SERBEST (DÖVİZ) FON,Serbest Şemsiye Fonu,-5.3931,,-7.5833,16.6209,,,
OSD,OSMANLI PORTFÖY ÖZEL SEKTÖR BORÇLANMA ARAÇLARI FONU,Borçlanma Araçları Şemsiye Fonu,1.836,5.1427,10.059,16.5861,2.6777,67.7824,115.1686
GSO,GARANTİ PORTFÖY ÖPY SERBEST ÖZEL FON,Serbest Şemsiye Fonu,1.2393,4.1678,11.9971,16.511,1.4288,72.8356,
TDP,TEB PORTFÖY İKİNCİ SERBEST (DÖVİZ) FON,Serbest Şemsiye Fonu,-7.1573,-8.6842,-3.6152,16.5078,-5.7881,,
GPB,GARANTİ PORTFÖY BİRİNCİ DEĞİŞKEN FON,Değişken Şemsiye Fonu,0.6207,3.8409,9.0107,16.4918,1.6266,63.7316,114.2293
AVZ,AK PORTFÖY SERBEST ( DÖVİZ ) FONU,Serbest Şemsiye Fonu,-6.268,-7.1111,-0.5264,16.4794,-4.9303,,
SBS,STRATEJİ PORTFÖY BAŞAK SERBEST (DÖVİZ) ÖZEL FON,Serbest Şemsiye Fonu,-4.9056,-1.9429,7.4286,16.4769,-1.7098,,
AJN,AK PORTFÖY DÖRDÜNCÜ SERBEST (DÖVIZ) FON,Serbest Şemsiye Fonu,-6.4795,-6.9089,0.0617,16.4533,-5.2397,,
TPZ,TEB PORTFÖY KİRA SERTİFİKALARI (DÖVİZ) KATILIM FONU,Katılım Şemsiye Fonu,-6.5242,-7.9945,-1.0817,16.3546,-5.3793,140.1826,
GAK,GEDİK PORTFÖY KARMA FON,Karma Şemsiye Fonu,0.0501,6.1222,15.8923,16.2078,1.6822,68.4913,112.0023
ODS,OYAK PORTFÖY İKİNCİ SERBEST(DÖVİZ) FON,Serbest Şemsiye Fonu,-5.6214,-5.6714,1.6925,16.135,-4.2163,,
FFO,QNB FİNANS PORTFÖY SER SERBEST (DÖVİZ) ÖZEL FON,Serbest Şemsiye Fonu,-6.132,-8.4892,-3.2389,16.1343,-6.3699,,
AFV,AK PORTFÖY  AVRUPA YABANCI HİSSE SENEDİ FONU,Hisse Senedi Şemsiye Fonu,-7.0953,-4.9978,1.2826,15.9615,-5.502,70.1772,198.822
INH,GARANTİ PORTFÖY ING BANK ÖZEL BANKACILIK VE PLATİNUM DEĞİŞKEN ÖZEL FON,Değişken Şemsiye Fonu,-0.5573,3.4704,8.4619,15.946,0.3585,74.1132,
TIP,TEB PORTFÖY ING BANK ÖZEL BANKACILIK VE PLATİNUM SERBEST (DÖVİZ) ÖZEL FON,Serbest Şemsiye Fonu,-6.4154,-6.6282,0.3351,15.9234,-4.723,,
IDF,İŞ PORTFÖY SERBEST (DÖVİZ) FON,Serbest Şemsiye Fonu,-6.7113,-7.6876,-1.5869,15.8283,-5.5191,,
SPA,AZIMUT PORTFÖY 6.0 SERBEST (DÖVIZ) FON,Serbest Şemsiye Fonu,-3.908,-12.3101,-6.5902,15.8263,-3.4496,,
ZPF,ZİRAAT PORTFÖY KATILIM FONU (DÖVİZ),Katılım Şemsiye Fonu,-6.84,-7.9259,-2.8139,15.7629,-5.7454,106.0366,176.3011
IBC,İŞ PORTFÖY CENOVA SERBEST ÖZEL FON,Serbest Şemsiye Fonu,-2.5259,-2.0878,5.3822,15.7299,-1.194,,
DPZ,DENİZ PORTFÖY YAZ SERBEST (DÖVİZ) ÖZEL FON,Serbest Şemsiye Fonu,,1.8664,4.0656,15.6604,1.8664,,
UPD,ÜNLÜ PORTFÖY DÖRDÜNCÜ SERBEST FON,Serbest Şemsiye Fonu,-3.8286,-4.7903,2.852,15.6252,-3.7799,100.5325,
PUT,AK PORTFÖY ÖPY BEŞİNCİ SERBEST ÖZEL FON,Serbest Şemsiye Fonu,-2.5359,-0.8591,0.9445,15.5948,-2.1817,,
GAH,GARANTİ PORTFÖY MUTLAK GETİRİ HEDEFLİ DEĞİŞKEN FON,Değişken Şemsiye Fonu,-0.3102,3.5839,7.6942,15.2974,0.6752,66.4751,
GPG,GEDİK PORTFÖY BİRİNCİ DEĞİŞKEN FON,Değişken Şemsiye Fonu,-0.5649,4.4903,13.3942,15.1897,0.7992,,
IDY,TEB PORTFÖY İKİNCİ DEĞİŞKEN FON,Değişken Şemsiye Fonu,-0.026,3.365,7.9235,15.1345,0.9403,70.5886,107.2375
GSM,GEDİK PORTFÖY SİLVER CAPİTAL SERBEST ÖZEL FON,Serbest Şemsiye Fonu,1.3078,4.6903,8.1962,15.0852,2.0887,,
TI7,İŞ PORTFÖY İKİNCİ DEĞİŞKEN FON,Değişken Şemsiye Fonu,-1.458,2.1707,7.0697,15.0606,-0.3402,57.8257,114.2105
GAN,GEDİK PORTFÖY ALFON SERBEST FON,Serbest Şemsiye Fonu,1.4824,4.3842,7.5467,14.7059,2.2121,,
SUB,ÜNLÜ PORTFÖY İKİNCİ DEĞİŞKEN FON,Değişken Şemsiye Fonu,4.2661,7.1163,9.9596,14.6844,5.7243,40.3007,41.3411
AZF,AK PORTFÖY PY ÖZEL SEKTÖR BORÇLANMA ARAÇLARI ÖZEL FONU,Borçlanma Araçları Şemsiye Fonu,1.9329,4.9308,8.53,14.6081,2.7074,71.4175,122.7871
GAG,GEDİK PORTFÖY BİRİNCİ SERBEST (DÖVIZ)  FON,Serbest Şemsiye Fonu,-6.1927,-7.4186,-1.021,14.5686,-5.5677,,
GLS,AZİMUT PYŞ KİRA SERTİFİKALARI (SUKUK) KATILIM FONU,Katılım Şemsiye Fonu,0.851,3.5919,8.2075,14.525,1.6445,73.8049,129.9103
IMY,İŞ PORTFÖY SKYLARK SERBEST (DÖVİZ) ÖZEL FON,Serbest Şemsiye Fonu,,,-8.849,14.4643,,,
PUR,AK PORTFÖY ÖPY DÖRDÜNCÜ SERBEST ÖZEL FON,Serbest Şemsiye Fonu,1.3797,4.6929,8.7658,14.4105,2.226,,
FCV,FİBA PORTFÖY ÇOKLU VARLIK BİRİNCİ DEĞİŞKEN FON,Değişken Şemsiye Fonu,1.3423,4.336,7.5029,14.3862,2.0375,61.637,
FPZ,QNB FİNANS PORTFÖY BİRİNCİ SERBEST (DÖVİZ) FON,Serbest Şemsiye Fonu,-5.5706,-6.8224,0.6323,14.3814,-5.1267,,
YDP,YAPI KREDİ PORTFÖY PY ÜÇÜNCÜ DEĞİŞKEN ÖZEL FON,Değişken Şemsiye Fonu,0.5371,3.0589,8.4785,14.1724,1.3433,73.2832,123.0065
MPD,MÜKAFAT PORTFÖY KATILIM AKTIF SERBEST (DÖVIZ) FON,Serbest Şemsiye Fonu,-6.5785,-8.088,1.6483,14.1303,-6.5785,,
TPL,TEB PORTFÖY EUROBOND (DÖVİZ) BORÇLANMA ARAÇLARI FONU,Borçlanma Araçları Şemsiye Fonu,-5.9164,-6.72,1.6379,14.061,-4.9952,100.8982,
APJ,AK PORTFÖY DÖRDÜNCÜ FON SEPETİ FONU,Fon Sepeti Şemsiye Fonu,1.6491,5.3071,9.1495,13.9991,2.9238,59.4507,
AJE,AK PORTFÖY ÜÇÜNCÜ SERBEST ( DÖVİZ ) FON,Serbest Şemsiye Fonu,-7.1165,-8.5569,-3.0833,13.949,-6.011,,
KRC,KARE PORTFÖY BİRİNCİ BORÇLANMA ARAÇLARI FONU,Borçlanma Araçları Şemsiye Fonu,1.1479,3.5324,8.934,13.736,1.8354,63.1061,107.6786
IMS,İŞ PORTFÖY MERMER SERBEST ÖZEL FON,Serbest Şemsiye Fonu,-2.6138,-2.0029,3.5525,13.7075,-1.7103,,
PUC,AK PORTFÖY ÖPY ÜÇÜNCÜ SERBEST ÖZEL FON,Serbest Şemsiye Fonu,1.5857,4.4472,7.4266,13.7059,2.445,,
IPE,İŞ PORTFÖY ANADOLU SİGORTA SERBEST ÖZEL FON,Serbest Şemsiye Fonu,0.6604,3.1245,8.2294,13.6298,0.8798,,
AHU,ATLAS PORTFÖY BİRİNCİ ÖZEL SEKTÖR BORÇLANMA ARAÇLARI FONU,Borçlanma Araçları Şemsiye Fonu,1.4963,4.5029,7.9088,13.6265,2.3219,68.7004,
SSO,AK PORTFÖY AK SANDIK SERBEST ÖZEL FON,Serbest Şemsiye Fonu,1.6113,4.4518,8.3218,13.1686,2.3601,70.2898,
TE3,TEB PORTFÖY MUTLAK GETİRİ HEDEFLİ DEĞİŞKEN FON,Değişken Şemsiye Fonu,0.7406,3.2293,6.7353,13.1391,1.4403,56.5555,108.7066
OYT,OYAK PORTFÖY BİRİNCİ SERBEST FON,Serbest Şemsiye Fonu,1.4947,3.9902,7.1839,13.1305,2.2904,73.4405,
IMH,İŞ PORTFÖY ANADOLU HAYAT EMEKLİLİK SERBEST ÖZEL FON,Serbest Şemsiye Fonu,0.162,2.2638,6.5672,12.9209,0.3068,,
OTK,OYAK PORTFÖY BİRİNCİ KATILIM SERBEST FON,Serbest Şemsiye Fonu,1.3124,1.9832,6.434,12.9161,1.9569,55.7189,
GTF,AZİMUT PYŞ BİRİNCİ BORÇLANMA ARAÇLARI FONU,Borçlanma Araçları Şemsiye Fonu,1.3202,4.3479,8.3807,12.7823,1.9423,60.7543,101.1434
YBP,YAPI KREDİ PORTFÖY PY BİRİNCİ DEĞİŞKEN ÖZEL FON,Değişken Şemsiye Fonu,-0.7544,-0.4654,8.533,12.7475,-1.085,89.3075,136.2333
IYB,AURA PORTFÖY DEĞİŞKEN FONU,Değişken Şemsiye Fonu,2.4745,4.6149,11.8524,12.7381,3.2282,51.0797,90.8089
MPK,MÜKAFAT PORTFÖY KİRA SERTİFİKASI KATILIM FONU,Katılım Şemsiye Fonu,1.3046,4.2108,7.1624,12.6337,1.9804,59.6793,
TKD,TEB PORTFÖY PY İKİNCİ DEĞİŞKEN ÖZEL FON,Değişken Şemsiye Fonu,1.2282,3.5615,6.8591,12.5765,1.9621,70.6675,106.1596
ARF,AK PORTFÖY ÖPY İKİNCİ SERBEST ÖZEL FON,Serbest Şemsiye Fonu,1.5,4.2053,7.5777,12.5123,2.2144,68.0396,111.173
HOA,HSBC PORTFÖY ÇOKLU VARLIK ÜÇÜNCÜ DEĞİŞKEN FON,Değişken Şemsiye Fonu,1.6448,3.5799,8.3313,12.5062,1.3548,49.9934,102.6013
AIM,AK PORTFÖY MİMKA SERBEST ÖZEL FON,Serbest Şemsiye Fonu,-1.5667,-1.7335,26.7227,12.457,-0.8036,71.209,
HBU,HSBC PORTFÖY BİST 30 ENDEKSİ HİSSE SENEDİ FONU (HİSSE SENEDİ YOĞUN FON),Hisse Senedi Şemsiye Fonu,-4.8697,10.9452,29.4542,12.4406,-1.8669,18.2765,93.638
TPO,İŞ PORTFÖY PY ÖZEL SEKTÖR BORÇLANMA ARAÇLARI ÖZEL FONU,Borçlanma Araçları Şemsiye Fonu,1.3448,3.7403,6.7785,12.4352,2.0085,63.6192,106.479
GBN,GARANTİ PORTFÖY BEŞİNCİ SERBEST FON,Serbest Şemsiye Fonu,1.4639,4.238,7.4751,12.3798,2.1812,,
GMP,GARANTİ PORTFÖY GM SERBEST (DÖVİZ) ÖZEL FON,Serbest Şemsiye Fonu,-5.5228,,,12.3256,,,
OGF,OYAK PORTFÖY OYAK ÜYELERI İLE ÇALIŞANLARıNA YÖNELİK BORÇLANMA ARAÇLARI ÖZEL FONU,Borçlanma Araçları Şemsiye Fonu,1.4277,3.9567,7.1404,12.292,2.0784,,
PBK,QİNVEST PORTFÖY BİRİNCİ KATILIM SERBEST(DÖVİZ) FON,Serbest Şemsiye Fonu,-6.657,-8.0439,-3.1366,12.1949,-5.6714,,
IMZ,İŞ PORTFÖY POYRAZ SERBEST (DÖVİZ) ÖZEL FON,Serbest Şemsiye Fonu,,,-4.8453,12.1886,,,
TIE,İŞ PORTFÖY BIST 30 ENDEKSİ HİSSE SENEDİ FONU (HİSSE SENEDİ YOĞUN FON),Hisse Senedi Şemsiye Fonu,-4.3952,10.7101,28.4561,12.1365,-1.4,18.6475,89.4395
KTR,KT PORTFÖY BİRİNCİ KATILIM SERBEST FON,Serbest Şemsiye Fonu,1.3623,4.0526,4.8083,12.1026,2.0046,59.3176,
OSH,OSMANLI PORTFÖY MİNERVA SERBEST FON,Serbest Şemsiye Fonu,5.8952,47.5043,58.0814,12.0905,20.7616,,
ICD,ICBC TURKEY PORTFÖY BİRİNCİ DEĞİŞKEN FON,Değişken Şemsiye Fonu,1.2547,4.8042,9.1659,11.9902,2.2102,52.6285,92.2807
TI4,İŞ PORTFÖY BİRİNCİ DEĞIŞKEN FON,Değişken Şemsiye Fonu,0.3957,2.2087,5.6632,11.9625,1.0258,59.8035,90.19
OKT,OYAK PORTFÖY BİRİNCİ BORÇLANMA ARAÇLARI FONU,Borçlanma Araçları Şemsiye Fonu,1.3452,3.7952,6.7566,11.8935,2.0892,64.6695,109.8423
OSL,OSMANLI PORTFÖY KISA VADELİ BORÇLANMA ARAÇLARI FONU,Borçlanma Araçları Şemsiye Fonu,1.4165,4.0026,7.0009,11.8307,2.1238,58.2577,95.2267
GBL,AZİMUT PYŞ KISA VADELİ BORÇLANMA ARAÇLARI FONU,Borçlanma Araçları Şemsiye Fonu,1.3826,3.7504,6.6854,11.8214,2.0012,57.3774,96.2293
GAE,GARANTİ PORTFÖY BİST30 ENDEKSİ HİSSE SENEDİ FONU (HİSSE SENEDİ YOĞUN FON),Hisse Senedi Şemsiye Fonu,-4.5018,10.3669,27.6226,11.7597,-1.634,18.6122,88.7559
TGA,GARANTİ PORTFÖY DÖRDÜNCÜ DEĞİŞKEN FON,Değişken Şemsiye Fonu,1.5385,4.5048,8.0236,11.7107,2.9084,68.9909,120.7603
UPP,ÜNLÜ PORTFÖY PARA PİYASASI FONU,Para Piyasası Şemsiye Fonu,1.397,4.0747,7.0248,11.6807,2.0645,,
FIL,FİBA PORTFÖY PARA PİYASASI FONU,Para Piyasası Şemsiye Fonu,1.4142,4.034,7.0427,11.678,2.0967,59.6433,97.6479
DGH,ATA PORTFÖY ÜÇÜNCÜ SERBEST FONU,Serbest Şemsiye Fonu,1.3837,3.9909,6.9658,11.6735,2.0719,62.5228,48.7571
DBP,DENİZ PORTFÖY BİRİNCİ DEĞİŞKEN FON,Değişken Şemsiye Fonu,-0.3065,2.6987,6.6919,11.564,1.0018,56.188,97.5704
YSU,YAPI KREDİ PORTFÖY ÜÇÜNCÜ DEĞİŞKEN FON,Değişken Şemsiye Fonu,1.0722,6.0579,12.4409,11.5556,2.1631,58.3727,89.8627
GYK,GEDİK PORTFÖY BORÇLANMA ARAÇLARI FONU,Borçlanma Araçları Şemsiye Fonu,1.3559,3.6152,6.1629,11.461,1.9698,61.708,102.139
IPF,PERFORM PORTFÖY İKİNCİ SERBEST FON,Serbest Şemsiye Fonu,0.8333,1.9537,5.7637,11.4335,0.8333,,
AKU,AK PORTFÖY BİST 30 ENDEKSİ HİSSE SENEDİ FONU (HİSSE SENEDİ YOĞUN FON),Hisse Senedi Şemsiye Fonu,-4.8898,9.1102,26.4214,11.3787,-1.6164,23.5363,94.4066
SLF,FİBA PORTFÖY ŞEKERBANK PARA PİYASASI FONU,Para Piyasası Şemsiye Fonu,1.4138,3.9738,6.8168,11.3324,2.0859,57.2316,89.2343
IST,İSTANBUL PORTFÖY KISA VADELİ BORÇLANMA ARAÇLARI FONU,Borçlanma Araçları Şemsiye Fonu,1.3708,3.7078,6.5367,11.1971,2.0113,61.0757,105.3327
EIL,QİNVEST PORTFÖY PARA PİYASASI FONU,Para Piyasası Şemsiye Fonu,1.344,3.8955,6.839,11.1711,1.9608,56.0887,89.7282
EKF,QİNVEST PORTFÖY KİRA SERTİFİKASI KATILIM FONU,Katılım Şemsiye Fonu,1.3299,3.0523,5.9116,11.1603,1.9471,56.5808,92.1877
ANL,AK PORTFÖY ALTERNATİF BANK PARA PİYASASI FONU,Para Piyasası Şemsiye Fonu,1.3613,3.8881,6.7616,11.1402,2.0336,58.2294,95.2454
OKP,OYAK PORTFÖY BİRİNCİ KISA VADELİ BORÇLANMA ARAÇLARI FONU,Borçlanma Araçları Şemsiye Fonu,1.2909,3.5152,6.4974,11.0865,1.9792,,
FIT,FİBA PORTFÖY BORÇLANMA ARAÇLARI FONU,Borçlanma Araçları Şemsiye Fonu,1.2414,3.5504,6.6246,11.0854,1.9047,58.0985,95.3826
FSF,FİBA PORTFÖY KISA VADELİ SERBEST FON,Serbest Şemsiye Fonu,1.3435,3.3782,6.301,11.0736,1.9073,,
VK6,ZİRAAT PORTFÖY VAKIFBANK PARA PİYASASI FONU,Para Piyasası Şemsiye Fonu,1.3673,3.8851,6.7472,11.0543,2.0343,58.2245,93.8655
TZL,ZİRAAT PORTFÖY PARA PİYASASI FONU,Para Piyasası Şemsiye Fonu,1.3656,3.8574,6.682,10.9966,2.0215,58.1487,95.7323
HLL,ZİRAAT PORTFÖY HALKBANK PARA PİYASASI FONU,Para Piyasası Şemsiye Fonu,1.3533,3.8447,6.6799,10.9352,2.0149,57.2991,93.361
AAL,ATA PORTFÖY PARA PİYASASI FONU,Para Piyasası Şemsiye Fonu,1.3627,3.9009,6.7786,10.9041,2.0445,55.6706,89.0123
DLY,DENİZ PORTFÖY PARA PİYASASI FONU,Para Piyasası Şemsiye Fonu,1.3547,3.8632,6.6194,10.8425,2.0083,55.9077,90.9801
HSL,HSBC PORTFÖY PARA PİYASASI FONU,Para Piyasası Şemsiye Fonu,1.3538,3.8734,6.7176,10.8336,2.0189,56.9693,90.6789
ECB,GLOBAL MD PORTFÖY PARA PİYASASI FONU,Para Piyasası Şemsiye Fonu,1.3682,3.8199,6.5809,10.8136,2.0101,57.3261,90.8893
HPO,HSBC PORTFÖY ÇOKLU VARLIK BİRİNCİ DEĞİŞKEN FON,Değişken Şemsiye Fonu,1.4997,3.4302,6.1925,10.8063,2.1488,52.1197,89.3382
IGL,TEB PORTFÖY ING BANK PARA PİYASASI FONU,Para Piyasası Şemsiye Fonu,1.3324,3.8294,6.6832,10.776,1.9821,57.4449,92.0629
GTL,GARANTİ PORTFÖY BİRİNCİ PARA PİYASASI FONU,Para Piyasası Şemsiye Fonu,1.3431,3.8331,6.6384,10.7361,1.987,56.0478,90.7416
YBS,YAPI KREDİ PORTFÖY ÖZEL SEKTÖR BORÇLANMA ARAÇLARI FONU,Borçlanma Araçları Şemsiye Fonu,1.1168,3.1183,5.8407,10.6401,1.7156,54.3636,88.9149
ICE,ICBC TURKEY PORTFOY PARA PİYASASI FONU,Para Piyasası Şemsiye Fonu,1.3559,3.8475,6.5483,10.6281,2.0209,56.5412,90.7566
TKM,TEB PORTFÖY PARA PİYASASI FONU,Para Piyasası Şemsiye Fonu,1.3255,3.7983,6.6416,10.627,1.969,55.9958,90.46
GAL,GARANTİ PORTFÖY İKİNCİ PARA PİYASASI FONU,Para Piyasası Şemsiye Fonu,1.343,3.8159,6.5582,10.621,1.9815,55.7378,90.4662
YLB,YAPI KREDİ PORTFÖY PARA PİYASASI FONU,Para Piyasası Şemsiye Fonu,1.3423,3.8143,6.5882,10.5886,1.9777,56.6152,92.5824
AYR,AK PORTFÖY ÖZEL SEKTÖR BORÇLANMA ARAÇLARI FONU,Borçlanma Araçları Şemsiye Fonu,1.4766,3.7348,5.9849,10.5497,2.1593,56.2381,93.5063
FI5,QNB FINANS PORTFÖY PARA PIYASASI FONU,Para Piyasası Şemsiye Fonu,1.3407,3.7335,6.3312,10.469,1.9658,56.7076,92.6423
TBV,İŞ PORTFÖY ÖZEL SEKTÖR BORÇLANMA ARAÇLARI FONU,Borçlanma Araçları Şemsiye Fonu,1.3863,3.6249,5.9348,10.4349,2.0316,55.4717,94.9918
ALE,AK PORTFÖY PARA PIYASASI FONU,Para Piyasası Şemsiye Fonu,1.3298,3.7609,6.3991,10.4327,1.9761,56.9986,94.1236
FPK,FİBA PORTFÖY KISA VADELİ BORÇLANMA ARAÇLARI FONU,Borçlanma Araçları Şemsiye Fonu,1.2898,3.5041,6.0671,10.3003,1.9366,54.0019,87.9549
OYL,OYAK PORTFÖY BİRİNCİ PARA PİYASASI FONU,Para Piyasası Şemsiye Fonu,1.3321,3.6072,6.2286,10.2925,1.9641,55.3741,89.7099
HKV,ZİRAAT PORTFÖY HALKBANK KISA VADELİ BORÇLANMA ARAÇLARI FONU,Borçlanma Araçları Şemsiye Fonu,1.2305,3.2419,5.8728,10.2801,1.7928,57.4147,94.003
KTT,KT PORTFÖY KÜRESEL KİRA SERTİFİKALARI (DÖVİZ) SERBEST FON,Serbest Şemsiye Fonu,-7.2561,-9.2362,-5.2357,10.2378,-6.1678,96.2661,
GA1,GARANTİ PORTFÖY  BORÇLANMA ARAÇLARI FONU,Borçlanma Araçları Şemsiye Fonu,1.4576,3.1037,6.887,10.2006,2.2542,49.7396,75.6328
TI1,İŞ PORTFÖY PARA PİYASASI FONU,Para Piyasası Şemsiye Fonu,1.3108,3.6285,6.2081,10.1859,1.9247,56.5789,92.6016
HOB,HSBC PORTFÖY ÖZEL SEKTÖR BORÇLANMA ARAÇLARI FONU,Borçlanma Araçları Şemsiye Fonu,1.1628,3.008,5.3374,10.1629,1.842,52.4678,90.1253
MPF,MÜKAFAT PORTFÖY KISA VADELİ KİRA SERTİFİKASI KATILIM FONU,Katılım Şemsiye Fonu,1.2464,3.2836,5.8007,10.1401,1.8582,53.2899,
RBK,ALBARAKA PORTFÖY KATILIM FONU,Katılım Şemsiye Fonu,-4.9667,-5.1275,-1.1611,10.123,-3.928,,
VKT,ZİRAAT PORTFÖY VAKIFBANK KISA VADELİ BORÇLANMA ARAÇLARI FONU,Borçlanma Araçları Şemsiye Fonu,1.2188,3.2364,5.7691,10.0986,1.7803,54.8208,88.0283
SKT,FİBA PORTFÖY ŞEKERBANK KISA VADELİ BORÇLANMA ARAÇLARI FONU,Borçlanma Araçları Şemsiye Fonu,1.3297,3.5559,6.0245,10.0568,1.9352,53.1931,84.9745
DBZ,DENİZ PORTFÖY ÖZEL SEKTÖR BORÇLANMA ARAÇLARI FONU,Borçlanma Araçları Şemsiye Fonu,1.3268,3.4528,5.7612,10.053,1.84,50.5264,86.2166
KTU,KT PORTFÖY NEOVA KATILIM SERBEST ÖZEL FON,Serbest Şemsiye Fonu,1.2476,3.4968,4.8337,10.0327,1.8665,56.7461,
YEF,YAPI KREDİ PORTFÖY BIST 30 ENDEKSİ HİSSE SENEDİ FONU (HİSSE SENEDİ YOĞUN FON),Hisse Senedi Şemsiye Fonu,-4.9131,9.6504,28.3813,9.9751,-2.3666,16.367,88.4271
TZT,ZİRAAT PORTFÖY BORÇLANMA ARAÇLARI FONU,Borçlanma Araçları Şemsiye Fonu,1.276,2.8601,7.1348,9.9495,1.7172,57.0217,94.5424
TOT,TEB PORTFÖY ÖZEL SEKTÖR BORÇLANMA ARAÇLARI FONU,Borçlanma Araçları Şemsiye Fonu,1.2329,2.7576,5.1461,9.8874,1.7876,59.1708,97.7448
ADE,AK PORTFÖY DEĞİŞKEN FON,Değişken Şemsiye Fonu,1.2593,3.5798,6.1757,9.7468,1.8701,50.5066,80.0524
TZV,ZİRAAT PORTFÖY KISA VADELİ BORÇLANMA ARAÇLARI FONU,Borçlanma Araçları Şemsiye Fonu,1.2084,3.1611,5.5637,9.7225,1.7656,52.9245,84.8785
KSV,KT PORTFÖY KISA VADELİ KATILIM SERBEST FON,Serbest Şemsiye Fonu,1.3034,3.3458,5.6688,9.7106,1.8758,,
KIS,QİNVEST PORTFÖY KİRA SERTİFİKASI KATILIM (DÖVİZ) FONU,Katılım Şemsiye Fonu,-5.9869,-6.7823,-0.5423,9.6217,-4.7832,94.1833,167.9544
AVT,AK PORTFÖY KISA VADELİ BORÇLANMA ARAÇLARI FONU,Borçlanma Araçları Şemsiye Fonu,1.2986,3.5102,5.9029,9.6014,1.9385,51.9721,83.7839
KTN,KT PORTFÖY KİRA SERTİFİKALARI KATILIM FONU,Katılım Şemsiye Fonu,1.3987,3.4493,4.4645,9.5297,1.9721,52.7946,82.5218
IPG,İŞ PORTFÖY KAPİTAL SERBEST FON,Serbest Şemsiye Fonu,1.3482,3.4544,6.45,9.4289,1.981,25.4382,
ABU,AK PORTFÖY BİREBİR BANKACILIK DEĞİŞKEN ÖZEL FON,Değişken Şemsiye Fonu,1.281,3.4022,5.7445,9.4275,1.8587,51.3313,80.7728
DBK,DENİZ PORTFÖY KISA VADELİ BORÇLANMA ARAÇLARI FONU,Borçlanma Araçları Şemsiye Fonu,1.3739,3.2082,5.4055,9.4245,1.9796,50.2628,82.3858
IMT,İŞ PORTFÖY TOROS SERBEST (DÖVİZ) ÖZEL FON,Serbest Şemsiye Fonu,,,-4.7819,9.4221,,,
IBK,İŞ PORTFÖY MAXIMUM KART KISA VADELİ BORÇLANMA ARAÇLARI FONU,Borçlanma Araçları Şemsiye Fonu,1.3774,3.4583,5.8819,9.4058,1.9658,52.3199,87.9048
YOT,YAPI KREDİ PORTFÖY ORTA VADELİ BORÇLANMA ARAÇLARI FONU,Borçlanma Araçları Şemsiye Fonu,1.17,2.2401,5.4889,9.374,1.4506,54.1358,83.9787
HPT,HSBC PORTFÖY KISA VADELİ BORÇLANMA ARAÇLARI FONU,Borçlanma Araçları Şemsiye Fonu,1.1414,3.212,5.5022,9.3386,1.7308,51.6269,82.3447
GYL,GEDİK PORTFÖY KISA VADELİ BORÇLANMA ARAÇLARI FONU,Borçlanma Araçları Şemsiye Fonu,1.2787,3.2501,5.5834,9.3311,1.7719,51.4033,82.6422
HPV,ZİRAAT PORTFÖY HALKBANK KISA VADELİ KİRA SERTİFİKALARI KATILIM FONU,Katılım Şemsiye Fonu,1.2927,3.3671,5.361,9.3086,1.9042,51.3364,
ZPK,ZİRAAT PORTFÖY KISA VADELİ KİRA SERTİFİKALARI KATILIM FONU,Katılım Şemsiye Fonu,1.2786,3.255,5.3435,9.3049,1.8651,54.108,
YDK,YAPI KREDİ PORTFÖY ÇALIŞAN HESAP KISA VADELİ BORÇLANMA ARAÇLARI FONU,Borçlanma Araçları Şemsiye Fonu,1.1877,2.9674,5.2505,9.2231,1.765,51.0952,82.0734
ECV,GLOBAL MD PORTFÖY KISA VADELİ BORÇLANMA ARAÇLARI FONU,Borçlanma Araçları Şemsiye Fonu,1.3308,3.3251,5.4646,9.2201,1.9139,51.3629,80.4383
RBV,ALBARAKA PORTFÖY KISA VADELİ KİRA SERTİFİKALARI KATILIM FONU,Katılım Şemsiye Fonu,1.393,3.291,5.7542,9.1897,1.9464,,
AUT,ATA PORTFÖY KISA VADELİ BORÇLANMA ARAÇLARI FONU,Borçlanma Araçları Şemsiye Fonu,1.3248,3.1168,5.2522,9.1395,1.8683,53.753,88.3985
DDF,DENİZ PORTFÖY DİNAMO SERBEST FON,Serbest Şemsiye Fonu,1.5154,3.8364,6.4841,9.026,2.1454,,
IPI,İŞ PORTFÖY BİRİKİM HESABI KISA VADELİ BORÇLANMA ARAÇLARI FONU,Borçlanma Araçları Şemsiye Fonu,1.162,3.0694,5.1506,8.9208,1.68,53.0196,
DPK,DENİZ PORTFÖY KİRA SERTİFİKALARI KATILIM FONU,Katılım Şemsiye Fonu,0.6403,2.6176,4.9055,8.8727,1.1291,49.2156,
KTV,KT PORTFÖY KISA VADELİ KİRA SERTİFİKALARI KATILIM FONU,Katılım Şemsiye Fonu,1.2967,3.2643,5.2212,8.8673,1.8639,49.9637,
TNK,TEB PORTFÖY KISA VADELİ BORÇLANMA ARAÇLARI FONU,Borçlanma Araçları Şemsiye Fonu,1.2304,3.0353,5.1933,8.7753,1.8091,49.9669,79.9549
TGT,GARANTİ PORTFÖY KISA VADELİ BORÇLANMA ARAÇLARI FONU,Borçlanma Araçları Şemsiye Fonu,1.4204,3.4762,5.4878,8.7503,2.0652,49.7844,80.4356
ICG,İŞ PORTFÖY ARCADİA SERBEST (DÖVİZ) ÖZEL FON,Serbest Şemsiye Fonu,-6.8394,,-6.0045,8.6836,,,
OTF,OYAK PORTFÖY KISA VADELİ KİRA SERTİFİKASI KATILIM FONU,Katılım Şemsiye Fonu,1.2619,3.2541,5.265,8.5986,1.796,,
TSI,İŞ PORTFÖY MAKSİMUM HESAP KISA VADELI BORÇLANMA ARAÇLARI FONU,Borçlanma Araçları Şemsiye Fonu,1.1917,2.9524,5.1017,8.5975,1.7751,50.3782,80.1177
YHT,YAPI KREDİ PORTFÖY KISA VADELİ BORÇLANMA ARAÇLARI FONU,Borçlanma Araçları Şemsiye Fonu,0.8874,2.5083,4.7908,8.5259,1.4009,50.8409,81.8936
KTS,KT PORTFÖY İKİNCİ KATILIM SERBEST FON,Serbest Şemsiye Fonu,-0.7008,1.9816,3.001,8.4478,0.5614,47.2441,
FDO,QNB FİNANS PORTFÖY SULTAN SERBEST(DÖVİZ) ÖZEL FON,Serbest Şemsiye Fonu,,-14.6492,-6.8194,8.4041,,,
ECT,GLOBAL MD PORTFÖY ORTA VADELİ BORÇLANMA ARAÇLARI FONU,Borçlanma Araçları Şemsiye Fonu,1.209,3.0991,5.4375,8.3474,1.8179,49.8994,77.3956
FYT,QNB FINANS PORTFÖY KISA VADELI BORÇLANMA ARAÇLARI FONU,Borçlanma Araçları Şemsiye Fonu,1.1867,2.773,4.9419,8.34,1.7853,48.0278,79.836
TCB,TACİRLER PORTFÖY KISA VADELİ BORÇLANMA ARAÇLARI FONU,Borçlanma Araçları Şemsiye Fonu,1.2458,3.1644,5.3682,8.2397,1.7555,53.8863,90.941
MBL,MEKSA PORTFÖY İKİNCİ DEĞİŞKEN FON,Değişken Şemsiye Fonu,1.1044,3.1202,5.379,8.2384,1.7565,24.1949,
TIV,İŞ PORTFÖY KISA VADELI BORÇLANMA ARAÇLARI FONU,Borçlanma Araçları Şemsiye Fonu,1.1908,2.7677,4.8126,8.2299,1.7319,49.3659,79.0559
DZZ,DENİZ PORTFÖY ECEM SERBEST (DÖVİZ) ÖZEL FON,Serbest Şemsiye Fonu,-6.9045,-8.808,-1.8191,8.1534,-6.1786,,
FYO,QNB FINANS PORTFÖY ÖZEL SEKTÖR BORÇLANMA ARAÇLARI FONU,Borçlanma Araçları Şemsiye Fonu,1.0075,2.0127,4.0183,8.1184,1.5644,50.2995,85.9784
HST,HSBC PORTFÖY ORTA VADELİ BORÇLANMA ARAÇLARI FONU,Borçlanma Araçları Şemsiye Fonu,1.2204,1.7073,6.2494,8.0241,1.3628,44.2309,68.1148
APT,AK PORTFÖY ORTA VADELI BORÇLANMA ARAÇLARI FONU,Borçlanma Araçları Şemsiye Fonu,1.1061,2.3143,5.3547,7.9516,1.878,55.1415,89.4387
TBP,İŞ PORTFÖY PRIVIA BANKACILIK DEĞİŞKEN ÖZEL FON,Değişken Şemsiye Fonu,0.5109,1.2934,3.9233,7.9335,1.0001,47.7837,75.6804
TPF,TACİRLER PORTFÖY BORÇLANMA ARAÇLARI FONU,Borçlanma Araçları Şemsiye Fonu,0.5033,1.3199,3.6631,7.8062,1.2072,66.9747,115.3385
RBT,ALBARAKA PORTFÖY KİRA SERTİFİKALARI  KATILIM FONU,Katılım Şemsiye Fonu,1.27,2.7009,4.4537,7.7433,1.6428,,
IAT,İŞ PORTFÖY KİRA SERTİFİKALARI KATILIM FONU,Katılım Şemsiye Fonu,1.2314,2.438,3.3256,7.7384,1.6564,49.0056,69.8187
TBT,TEB PORTFÖY BORÇLANMA ARAÇLARI FONU,Borçlanma Araçları Şemsiye Fonu,0.5696,1.2676,4.6613,7.5928,1.0073,46.8694,71.174
IYR,İŞ PORTFÖY HEDEF SERBEST FON,Serbest Şemsiye Fonu,0.9621,1.4338,3.8394,7.2935,1.3098,,
ARP,AK PORTFÖY ÖPY BİRİNCİ SERBEST ÖZEL FON,Serbest Şemsiye Fonu,-4.1404,5.0747,22.3415,7.2826,-3.1358,45.5498,142.2103
YFV,YAPI KREDİ PORTFÖY KİRA SERTİFİKALARI KATILIM FONU,Katılım Şemsiye Fonu,1.1744,2.8816,3.2623,7.0792,1.7249,54.515,79.6953
ZBD,ZİRAAT PORTFÖY İKİNCİ DEĞİŞKEN FON,Değişken Şemsiye Fonu,0.2224,4.4051,11.0589,6.8045,1.2264,50.5548,88.9501
ZPG,ZİRAAT PORTFÖY KİRA SERTİFİKALARI (SUKUK) KATILIM FONU,Katılım Şemsiye Fonu,-0.5459,0.4844,0.7315,6.6264,-0.2185,53.8162,86.9662
FI3,QNB FINANS PORTFÖY BORÇLANMA ARAÇLARI FONU,Borçlanma Araçları Şemsiye Fonu,1.285,1.1121,4.8263,6.3729,1.2836,42.0499,65.9729
TSP,AZİMUT PORTFÖY TESA SERBEST (DÖVİZ) ÖZEL FON,Serbest Şemsiye Fonu,-8.4022,-15.5147,-3.5796,6.1423,-10.8663,,
TI6,İŞ PORTFÖY ORTA VADELİ BORÇLANMA ARAÇLARI FONU,Borçlanma Araçları Şemsiye Fonu,1.0553,2.305,5.0262,6.107,1.5379,43.6347,68.8229
MAD,MEKSA PORTFÖY BİRİNCİ DEĞİŞKEN FON,Değişken Şemsiye Fonu,0.9342,2.2112,3.2939,6.033,1.1197,46.0558,93.3207
USY,ÜNLÜ PORTFÖY MUTLAK GETİRİ HEDEFLİ SERBEST FON,Serbest Şemsiye Fonu,-1.6485,0.014,0.6769,5.7154,-0.5756,,
DDC,DENİZ PORTFÖY DÖRDÜNCÜ SERBEST FON,Serbest Şemsiye Fonu,1.5069,3.1309,0.6759,5.643,1.9194,,
ARE,İSTANBUL PORTFÖY YABANCI (GELİŞMEKTE OLAN PİYASALAR) BORÇLANMA ARAÇLARI FONU,Borçlanma Araçları Şemsiye Fonu,-6.8693,-7.3957,-3.7424,5.5836,-6.809,74.5112,150.606
DZT,DENİZ PORTFÖY UZUN VADELİ BORÇLANMA ARAÇLARI FONU,Borçlanma Araçları Şemsiye Fonu,1.3535,0.3157,6.923,5.2756,1.0589,45.4971,65.7805
AK2,AK PORTFÖY UZUN VADELİ BORÇLANMA ARAÇLARI FONU,Borçlanma Araçları Şemsiye Fonu,1.5004,0.6626,7.1467,5.2571,1.0218,33.2459,56.8243
HTT,HSBC PORTFÖY UZUN VADELİ BORÇLANMA ARAÇLARI FONU,Borçlanma Araçları Şemsiye Fonu,2.0581,-0.1753,7.6136,5.1301,0.8261,40.6542,60.3475
AIH,AK PORTFÖY RTH SERBEST ÖZEL FON,Serbest Şemsiye Fonu,-1.9834,-2.9434,25.7429,5.06,-1.3504,58.6224,
AIS,AK PORTFÖY KİRA SERTİFİKALARI KATILIM FONU,Katılım Şemsiye Fonu,1.2808,3.022,2.44,5.0544,1.761,48.9449,74.7445
IMO,İŞ PORTFÖY ODAK SERBEST ÖZEL FON,Serbest Şemsiye Fonu,0.5958,2.7567,6.1944,4.8208,0.876,,
DBB,DENİZ PORTFÖY ORTA VADELİ BORÇLANMA ARAÇLARI FONU,Borçlanma Araçları Şemsiye Fonu,0.8976,1.8616,4.7285,4.7939,1.4654,39.7597,55.3577
GPF,GARANTİ PORTFÖY BİRİNCİ KATILIM FONU,Katılım Şemsiye Fonu,0.8408,2.3062,1.0281,4.7652,1.6325,40.1382,58.7075
FYF,STRATEJİ PORTFÖY MUTLAK GETİRİ HEDEFLİ HİSSE SENEDİ SERBEST FON(HİSSE SENEDİ YOĞUN),Serbest Şemsiye Fonu,0.8283,1.7476,3.738,4.5785,1.9898,,
PPF,AZİMUT PORTFÖY AKÇE SERBEST FON,Serbest Şemsiye Fonu,1.0414,-5.4382,-4.3442,0.1795,-1.6259,,
AZZ,AK PORTFÖY ÖPY MUTLAK GETİRİ HEDEFLİ SERBEST (DÖVİZ) ÖZEL FON,Serbest Şemsiye Fonu,,,,0,,,
DPU,DENİZ PORFÖY TUAL SERBEST (DÖVİZ) ÖZEL FON,Serbest Şemsiye Fonu,,0,0,0,0,,
GGB,GARANTİ PORTFÖY ARK SERBEST (DÖVİZ) ÖZEL FON,Serbest Şemsiye Fonu,,0,0,0,,,
CEY,İŞ PORTFÖY CEY SERBEST (DÖVİZ) ÖZEL FON,Serbest Şemsiye Fonu,,,0,0,,,
IMV,İŞ PORTFÖY MAVİ SERBEST (DÖVİZ) ÖZEL FON,Serbest Şemsiye Fonu,,,0,0,,,
MSH,MAQASİD PORTFÖY İKİNCİ  KATILIM SERBEST FON,Serbest Şemsiye Fonu,,0,0,0,,,
MSB,MAQASİD PYŞ BİRİNCİ KATILIM SERBEST(DÖVİZ)FON,Serbest Şemsiye Fonu,,,0,0,,,
MVK,MAQASİD PYŞ KISA VADELİ KATILIM SERBEST FON,Serbest Şemsiye Fonu,,0,0,0,,,
KSD,QİNVEST PORTFÖY BİRİNCİ KATILIM SERBEST FON,Serbest Şemsiye Fonu,,0,0,0,,,
FUR,QNB FİNANS PORTFÖY ŞEDELE SERBEST (DÖVİZ) ÖZEL FON,Serbest Şemsiye Fonu,,,,0,,,
TVD,TEB PORTFÖY KYF SERBEST (DÖVİZ) ÖZEL FON,Serbest Şemsiye Fonu,0,0,0,0,0,,
TMO,TEB PORTFÖY TEB GRUBU DEĞİŞKEN ÖZEL FON,Değişken Şemsiye Fonu,0,0,0,0,0,0,0
TMC,İŞ PORTFÖY TEMA  DEĞİŞKEN FON,Değişken Şemsiye Fonu,0.4207,2.5782,4.9985,-0.4172,0.798,29.6796,66.0027
GKF,GLOBAL MD PORTFÖY KATILIM FONU,Katılım Şemsiye Fonu,-3.3484,-3.4977,-4.7093,-3.213,-3.5101,,
IBE,İSTANBUL PORTFÖY BEŞİNCİ SERBEST FON,Serbest Şemsiye Fonu,-3.7646,0.5784,-12.8878,-8.438,-2.6207,,
ATJ,AZİMUT PORTFÖY ÇINAR SERBEST ÖZEL FON,Serbest Şemsiye Fonu,-2.5485,0.8762,,-11.8243,-2.5928,,
ADP,AK PORTFÖY BİST BANKA ENDEKSİ HİSSE SENEDİ FONU (HİSSE SENEDİ YOĞUN FON),Hisse Senedi Şemsiye Fonu,-9.2141,-1.9787,25.3765,-15.0558,-9.0941,-20.1898,19.2576
TAU,İŞ PORTFÖY BİST BANKA ENDEKSİ HİSSE SENEDİ FONU (HİSSE SENEDİ YOĞUN FON),Hisse Senedi Şemsiye Fonu,-8.714,-1.2897,24.9077,-15.7102,-8.5544,-19.772,19.0778
AES,AK PORTFÖY PETROL YABANCI BYF FON SEPETİ FONU,Fon Sepeti Şemsiye Fonu,5.2724,23.5262,21.2099,-20.2217,13.4007,-4.8961,40.1396
SRY,AZİMUT PORTFÖY SKY SERBEST (DÖVİZ) ÖZEL FON,Serbest Şemsiye Fonu,-39.0346,-39.1848,-34.5086,-22.56,-38.9099,,
ELZ,QİNVEST PORTFÖY KATILIM HİSSE SENEDİ FONU (HİSSE SENEDİ YOĞUN FON),Hisse Senedi Şemsiye Fonu,1.0173,,,-31.2364,5.9529,9.8733,
KTE,KT PORTFÖY CEYLAN KİRA SERTİFİKALARI KATILIM SERBEST(DÖVİZ) ÖZEL FON,Serbest Şemsiye Fonu,-41.9203,-55.4687,-61.1915,-38.4873,-49.8476,,
KOP,QİNVEST PORTFÖY İKİNCİ SERBEST FON,Serbest Şemsiye Fonu,-2.927,-1.5112,-52.0463,-47.6003,-1.1613,-13.8981,
PLS,DENİZ PORTFÖY LARA SERBEST (DÖVİZ) ÖZEL FON,Serbest Şemsiye Fonu,-3.1979,-69.9284,-66.3279,-63.1068,4.2836,,
PPD,PERFORM PORTFÖY HİSSE SENEDİ SERBEST FON (HİSSE SENEDİ YOĞUN FON),Serbest Şemsiye Fonu,,-84.2547,-81.9349,-80.838,-83.2087,,
DAZ,DENİZ PORTFÖY TÜRKIZ SERBEST(DÖVİZ) ÖZEL FON,Serbest Şemsiye Fonu,-8.5212,-13.1516,-9.6096,-85.7817,-8.2016,,
PAL,AK PORTFÖY ALTINCI SERBEST(DÖVİZ) FON,Serbest Şemsiye Fonu,-7.2556,-8.9644,-4.9952,,-6.1957,,
GUM,AK PORTFÖY GÜMÜŞ FON SEPETI FONU,Fon Sepeti Şemsiye Fonu,,,,,,,
HVV,AK PORTFÖY HERAKLES SERBEST (DÖVİZ) ÖZEL FON,Serbest Şemsiye Fonu,,,-1.83,,,,
HYY,AK PORTFÖY HERAKLES SERBEST ÖZEL FON,Serbest Şemsiye Fonu,-5.2554,3.0128,19.3317,,-4.2638,,
PAI,AK PORTFÖY ING BANK ÖZEL BANKACILIK VE PLATINUM DEĞİŞKEN ÖZEL FON,Değişken Şemsiye Fonu,1.2746,5.9093,,,2.9571,,
GGC,AK PORTFÖY KIYI SERBEST ÖZEL FON,Serbest Şemsiye Fonu,1.522,4.4695,,,2.2507,,
PAP,AK PORTFÖY MİSTRAL SERBEST(DÖVİZ) ÖZEL FON,Serbest Şemsiye Fonu,,,0,,,,
OPZ,AK PORTFÖY ÖPY ALTINCI SERBEST ÖZEL FON,Serbest Şemsiye Fonu,,,,,,,
PUV,AK PORTFÖY PRUVA SERBEST (DÖVİZ) ÖZEL FON,Serbest Şemsiye Fonu,,,,,,,
ICZ,AK PORTFÖY TEKNOLOJİ ŞİRKETLERİ HİSSE SENEDİ FONU (HİSSE SENEDİ YOĞUN FON),Hisse Senedi Şemsiye Fonu,7.3449,,,,,,
BGP,AK PORTFÖY ÜÇÜNCÜ PARA PİYASASI FONU,Para Piyasası Şemsiye Fonu,1.3486,3.8447,6.7083,,2.0057,,
PVK,ALBARAKA PORTFÖY KISA VADELİ KATILIM SERBEST FON,Serbest Şemsiye Fonu,1.3674,3.5236,6.0301,,1.9973,,
YCL,ATA PORTFÖY BEŞİNCİ SERBEST FON,Serbest Şemsiye Fonu,,,,,,,
ZVB,ATLAS PORTFÖY İKİNCİ SERBEST FON,Serbest Şemsiye Fonu,2.7277,71.0127,,,19.4248,,
PBS,AZİMUT PORTFÖY BOĞAZİÇİ SERBEST (DÖVİZ) FON,Serbest Şemsiye Fonu,-4.5497,-6.2599,-1.4465,,-4.6895,,
HYP,AZİMUT PORTFÖY İVME SERBEST FON,Serbest Şemsiye Fonu,-0.3485,-2.3791,,,-1.8425,,
KFK,AZİMUT PORTFÖY KAAN SERBEST ÖZEL FON,Serbest Şemsiye Fonu,-3.4247,-5.7662,,,-4.4313,,
YCS,AZİMUT PORTFÖY MYRA SERBEST (DÖVİZ) ÖZEL FON,Serbest Şemsiye Fonu,,,,,,,
PPZ,AZİMUT PORTFÖY PARA PİYASASI FONU,Para Piyasası Şemsiye Fonu,1.4631,4.3036,,,2.1742,,
PSS,AZİMUT PORTFÖY SARAY SERBEST FON,Serbest Şemsiye Fonu,1.189,3.4418,5.7895,,1.7483,,
TTN,AZİMUT PORTFÖY TESA SERBEST ÖZEL FON,Serbest Şemsiye Fonu,-2.6144,,,,-2.2981,,
PYF,AZİMUT PORTFÖY YONCA SERBEST ÖZEL FON,Serbest Şemsiye Fonu,-1.9171,,,,0.394,,
PYH,AZİMUT PORTFÖY 10.0 SERBEST FON,Serbest Şemsiye Fonu,-6.8604,,,,-10.7593,,
PYL,AZİMUT PORTFÖY 11.0 SERBEST FON,Serbest Şemsiye Fonu,0.8447,,,,2.2185,,
HMT,AZİMUT PORTFÖY 12.0 SERBEST FON,Serbest Şemsiye Fonu,-1.5783,,,,,,
PSL,AZİMUT PORTFÖY 8.0 SERBEST FON,Serbest Şemsiye Fonu,-4.7038,-6.0614,,,-4.1622,,
DDA,DENİZ PORTFÖY ALTINCI SERBEST FON,Serbest Şemsiye Fonu,-8.3585,16.8764,,,-5.9103,,
DFR,DENİZ PORTFÖY ARSLAN SERBEST ÖZEL FON,Serbest Şemsiye Fonu,,,,,,,
DSS,DENİZ PORTFÖY BADE SERBEST ÖZEL FON,Serbest Şemsiye Fonu,,,,,,,
DZM,DENİZ PORTFÖY BEŞİNCİ SERBEST (DÖVİZ) FON,Serbest Şemsiye Fonu,-5.0007,-4.429,4.1932,,-3.3054,,
DFG,DENİZ PORTFÖY EGE SERBEST ÖZEL FON,Serbest Şemsiye Fonu,,,,,,,
DFS,DENİZ PORTFÖY FRS SERBEST ÖZEL FON,Serbest Şemsiye Fonu,,,,,,,
DRS,DENİZ PORTFÖY GÜL SERBEST ÖZEL FON,Serbest Şemsiye Fonu,,,,,,,
DFK,DENİZ PORTFÖY HLC SERBEST ÖZEL FON,Serbest Şemsiye Fonu,,,,,,,
DKF,DENİZ PORTFÖY INND SERBEST (DÖVİZ) ÖZEL FON,Serbest Şemsiye Fonu,,,,,,,
DPI,DENİZ PORTFÖY İSTATİSTİKSEL ARBİTRAJ SERBEST FON,Serbest Şemsiye Fonu,1.0578,5.7027,9.2594,,1.6117,,
DOF,DENİZ PORTFÖY KUZEY SERBEST ÖZEL FON,Serbest Şemsiye Fonu,,,,,,,
DFZ,DENİZ PORTFÖY LARA SERBEST ÖZEL FON,Serbest Şemsiye Fonu,0,,,,3.0138,,
DFV,DENİZ PORTFÖY MERT SERBEST ÖZEL FON,Serbest Şemsiye Fonu,,,,,,,
DOS,DENİZ PORTFÖY OLMİ SERBEST (DÖVİZ) ÖZEL FON,Serbest Şemsiye Fonu,0,0,0.636,,0,,
DFL,DENİZ PORTFÖY OLMİ SERBEST ÖZEL FON,Serbest Şemsiye Fonu,,,,,,,
DRR,DENİZ PORTFÖY REYHAN SERBEST ÖZEL FON,Serbest Şemsiye Fonu,,,,,,,
DSC,DENİZ PORTFÖY RÜ SERBEST (DÖVİZ) ÖZEL FON,Serbest Şemsiye Fonu,,,,,,,
DDP,DENİZ PORTFÖY SK SERBEST (DÖVİZ) ÖZEL FON,Serbest Şemsiye Fonu,-3.1875,-1.2172,9.853,,-1.5329,,
DTT,DENİZ PORTFÖY SSM SERBEST (DÖVİZ) ÖZEL FON,Serbest Şemsiye Fonu,,,,,,,
DOB,DENİZ PORTFÖY TÜRKİZ SERBEST ÖZEL FON,Serbest Şemsiye Fonu,,,,,,,
FBZ,FİBA PORTFÖY ROTA SERBEST FON,Serbest Şemsiye Fonu,1.3711,,,,2.0823,,
FBN,FİBA PORTFÖY SAFİR SERBEST FON,Serbest Şemsiye Fonu,1.2332,,,,1.8852,,
FZP,FİBA PORTFÖY SERBEST FON,Serbest Şemsiye Fonu,1.4802,4.5929,,,2.2057,,
FFD,FİBA PORTFÖY ÜÇÜNCÜ PARA PİYASASI FONU,Para Piyasası Şemsiye Fonu,1.3354,,,,1.9811,,
GPP,GARANTI PORTFÖY 2023 SERBEST(DÖVİZ- ABD DOLARI) FON,Serbest Şemsiye Fonu,,,,,,,
GFF,GARANTI PORTFÖY 2023 SERBEST(DÖVİZ-AVRO) FON,Serbest Şemsiye Fonu,,,,,,,
GGP,GARANTİ PORTFÖY ALTINCI SERBEST (DÖVİZ) ÖZEL FON,Serbest Şemsiye Fonu,,,,,,,
GGN,GARANTİ PORTFÖY AYDOĞAN SERBEST(DÖVİZ) ÖZEL FON,Serbest Şemsiye Fonu,,,,,,,
GZV,GARANTİ PORTFÖY ESG SÜRDÜRÜLEBİLİRLİK FON SEPETİ FONU,Fon Sepeti Şemsiye Fonu,,,,,,,
GGM,GARANTİ PORTFÖY GMS SERBEST ÖZEL FON,Serbest Şemsiye Fonu,2.521,6.3392,15.2398,,3.4462,,
GSS,GARANTİ PORTFÖY INN SERBEST (DÖVİZ) ÖZEL FON,Serbest Şemsiye Fonu,,,,,,,
GTZ,GARANTİ PORTFÖY KIYMETLİ MADENLER FON SEPETİ FONU,Fon Sepeti Şemsiye Fonu,-2.9784,-5.0329,,,-6.3892,,
GKK,GARANTİ PORTFÖY KTT SERBEST (DÖVİZ) ÖZEL FON,Serbest Şemsiye Fonu,,,,,,,
GFL,GARANTİ PORTFÖY MİA SERBEST ÖZEL FON,Serbest Şemsiye Fonu,,,,,,,
GFY,GARANTİ PORTFÖY OL SERBEST (DÖVİZ) ÖZEL FON,Serbest Şemsiye Fonu,,,,,,,
GGZ,GARANTİ PORTFÖY ONBİRİNCİ SERBEST FON,Serbest Şemsiye Fonu,2.3981,5.264,,,2.3539,,
GGR,GARANTİ PORTFÖY ONİKİNCİ SERBEST(DÖVİZ) FON,Serbest Şemsiye Fonu,,,,,,,
GDL,GARANTİ PORTFÖY ONUNCU SERBEST ÖZEL FON,Serbest Şemsiye Fonu,,,0,,,,
GZD,GARANTİ PORTFÖY ONÜCÜNCÜ SERBEST (DÖVİZ) ÖZEL FON,Serbest Şemsiye Fonu,,,,,,,
GZB,GARANTİ PORTFÖY ÖPY İKİNCİ SERBEST ÖZEL FON,Serbest Şemsiye Fonu,,,,,,,
OPP,GARANTİ PORTFÖY ÖPY SERBEST (DÖVİZ) ÖZEL FON,Serbest Şemsiye Fonu,2.4775,6.7404,18.2111,,3.8112,,
GZR,GARANTİ PORTFÖY SÜRDÜRÜLEBİLİRLİK HİSSE SENEDİ FONU (HİSSE SENEDİ YOĞUN FON),Hisse Senedi Şemsiye Fonu,,,,,,,
GZH,GARANTİ PORTFÖY TEMİZ ENERJİ KARMA FON,Karma Şemsiye Fonu,,,,,,,
GTY,GARANTİ PORTFÖY TREND SERBEST FON,Serbest Şemsiye Fonu,,,,,,,
GKL,GARANTİ PORTFÖY YF HİSSE SENEDİ SERBEST ÖZEL FON (HİSSE SENEDİ YOĞUN FON),Serbest Şemsiye Fonu,-4.7614,11.9898,33.1514,,-1.0583,,
GGV,GARANTİ PORTFÖY 2021 SERBEST (DÖVİZ-ABD DOLARI) FON,Serbest Şemsiye Fonu,,,,,,,
HAG,GARANTİ PORTFÖY 2022 SERBEST (DÖVİZ-ABD DOLARI) FON,Serbest Şemsiye Fonu,,,,,,,
HFF,GARANTİ PORTFÖY 2024 SERBEST (DÖVİZ-ABD DOLARI) FON,Serbest Şemsiye Fonu,,,,,,,
HNN,GARANTİ PORTFÖY 2025 SERBEST(DÖVİZ ABD DOLARI) FON,Serbest Şemsiye Fonu,,,,,,,
GGK,GEDİK PORTFÖY  ALTIN FON,Kıymetli Madenler Şemsiye Fonu,-10.3697,-14.7674,,,-11.8747,,
GEI,GEDİK PORTFÖY EVEREST SERBEST FON,Serbest Şemsiye Fonu,36.9731,101.1198,143.8134,,55.1649,,
GMZ,GEDİK PORTFÖY MZ SERBEST ÖZEL FON,Serbest Şemsiye Fonu,0.5272,18.8542,35.8664,,6.009,,
GZN,GLOBAL MD PORTFÖY BOĞAZİÇİ SERBEST FON,Serbest Şemsiye Fonu,,,,,,,
GZM,GLOBAL MD PORTFÖY DİNAMİK SERBEST FON,Serbest Şemsiye Fonu,,,,,,,
HYK,HEDEF PORTFÖY AKDENİZ SERBEST FON,Serbest Şemsiye Fonu,1.4077,4.4235,,,2.9275,,
NNF,HEDEF PORTFÖY BİRİNCİ HİSSE SENEDİ FONU (HİSSE SENEDİ YOĞUN FON),Hisse Senedi Şemsiye Fonu,8.5868,36.1318,86.5174,,16.1113,,
HMK,HEDEF PORTFÖY EGE HİSSE SENEDİ SERBEST FON(HİSSE SENEDİ YOĞUN FON),Serbest Şemsiye Fonu,19.6805,74.9045,264.8535,,28.6846,,
HMR,HEDEF PORTFÖY KISA VADELİ BORÇLANMA ARAÇLARI FONU,Borçlanma Araçları Şemsiye Fonu,,,,,,,
HYV,HEDEF PORTFÖY PARA PIYASASI FONU,Para Piyasası Şemsiye Fonu,,,,,,,
HII,HSBC PYŞ BİRİNCİ SERBEST (DÖVİZ) ÖZEL FON,Serbest Şemsiye Fonu,-71.9395,-95.2237,-95.1326,,-70.7275,,
HMG,HSBC PYŞ MUTLAK GETİRİ HEDEFLİ HİSSE SENEDİ SERBEST FON(HİSSE SENEDİ YOĞUN FON),Serbest Şemsiye Fonu,1.7995,,,,,,
IB2,IBG FONUNA BAĞLı YAN HESAP (TRFDGOZ71915),Serbest Şemsiye Fonu,,,,,,,
IB3,IBG FONUNA BAĞLı YAN HESAP (TRSAEST91812),Serbest Şemsiye Fonu,,,,,,,
IB1,IBG FONUNA BAĞLI YAN HESAP (TRSPKPB41717),Serbest Şemsiye Fonu,,,,,,,
IR1,IBR FONUNA BAĞLI YAN HESAP (TRFDGOZ71915),Serbest Şemsiye Fonu,,,,,,,
ICV,ICBC TURKEY PORTFÖY BİRİNCİ SERBEST FON,Serbest Şemsiye Fonu,,,,,,,
IZS,İSTANBUL PORTFÖY ALTINCI SERBEST FON,Serbest Şemsiye Fonu,5.3918,15.1135,10.1905,,11.1223,,
IDP,İSTANBUL PORTFÖY DOĞAN SERBEST ÖZEL FON,Serbest Şemsiye Fonu,,,,,,,
IFY,İSTANBUL PORTFÖY ÖPY BİRİNCİ SERBEST ÖZEL FON,Serbest Şemsiye Fonu,1.6586,4.3281,,,1.9356,,
IIH,İSTANBUL PORTFÖY ÜÇÜNCÜ HİSSE SENEDİ FONU (HİSSE SENEDİ YOĞUN FON),Hisse Senedi Şemsiye Fonu,1.1558,28.1187,57.8248,,8.6681,,
IZV,İSTANBUL PORTFÖY YEDİNCİ SERBEST FON,Serbest Şemsiye Fonu,,,,,,,
IYP,İSTANBUL PORTFÖY YILDIZ SERBEST ÖZEL FON,Serbest Şemsiye Fonu,,,,,,,
IMF,İSTANBUL POTFÖY MAESTRO SERBEST FON,Serbest Şemsiye Fonu,-1.7395,1.0822,8.3334,,-1.0902,,
CTP,İŞ PORTFÖY AAF SERBEST (DÖVİZ) ÖZEL FON,Serbest Şemsiye Fonu,,,0,,,,
IMM,İŞ PORTFÖY ASİST SERBEST ÖZEL FON,Serbest Şemsiye Fonu,0.8824,3.5424,8.9179,,1.7408,,
CTF,İŞ PORTFÖY ASSG SERBEST ÖZEL FON,Serbest Şemsiye Fonu,-5.5641,-6.6315,,,-4.3467,,
IDH,İŞ PORTFÖY BIST 100 DIŞI ŞİRKETLER HİSSE SENEDİ FONU (HİSSE SENEDİ YOĞUN FON),Hisse Senedi Şemsiye Fonu,16.9173,,,,26.5259,,
ILZ,İŞ PORTFÖY BİRİNCİ FON SEPETİ FONU,Fon Sepeti Şemsiye Fonu,,,,,,,
KPK,İŞ PORTFÖY DURUSU SERBEST ÖZEL FON,Serbest Şemsiye Fonu,-3.3984,-2.5318,,,-2.0807,,
EMS,İŞ PORTFÖY EMSA SERBEST ÖZEL FON,Serbest Şemsiye Fonu,,,0,,,,
NBF,İŞ PORTFÖY ESEN SERBEST ÖZEL FON,Serbest Şemsiye Fonu,,,0,,,,
CTG,İŞ PORTFÖY FEFON SERBEST  ÖZEL FON,Serbest Şemsiye Fonu,-2.4331,-3.749,,,0.793,,
IOG,İŞ PORTFÖY GÜMÜŞ SERBEST FON,Serbest Şemsiye Fonu,-0.1563,,,,-4.4745,,
IHK,İŞ PORTFÖY İŞ'TE KADIN HİSSE SENEDİ FONU (HİSSE SENEDİ YOĞUN FON),Hisse Senedi Şemsiye Fonu,,,,,,,
CTM,İŞ PORTFÖY KEFON SERBEST ÖZEL FON,Serbest Şemsiye Fonu,-3.0938,-5.5785,,,-1.4229,,
CTV,İŞ PORTFÖY MHA SERBEST ÖZEL FON,Serbest Şemsiye Fonu,-5.54,6.9129,,,-4.235,,
FBV,İŞ PORTFÖY MODEL SERBEST FON,Serbest Şemsiye Fonu,-0.2903,,,,-0.2716,,
KKH,İŞ PORTFÖY MUTLAK GETİRİ HEDEFLİ DEĞİŞKEN FON,Değişken Şemsiye Fonu,1.3795,3.8115,,,2.0182,,
IOP,İŞ PORTFÖY ODEABANK PARA PİYASASI FONU,Para Piyasası Şemsiye Fonu,1.362,3.7488,6.309,,2.0074,,
IKL,İŞ PORTFÖY SAĞLIK ŞİRKETLERİ KARMA FON,Karma Şemsiye Fonu,,,,,,,
ITP,İŞ PORTFÖY TEKNOLOJİ KARMA FON,Karma Şemsiye Fonu,,,,,,,
IUU,İŞ PORTFÖY ÜÇÜNCÜ SERBEST (DÖVİZ) FON,Serbest Şemsiye Fonu,-0.5187,-5.7103,15.5109,,-0.5187,,
KPB,KARE PORTFÖY ÖPY BİRİNCİ SERBEST ÖZEL FON,Serbest Şemsiye Fonu,-3.2929,,,,-0.6063,,
K1R,KRS FONUNA BAĞLı YAN HESAP (TRSAEST91911),Serbest Şemsiye Fonu,,,,,,,
KPC,KT PORTFÖY KATILIM HİSSE SENEDİ FONU (HİSSE SENEDİ YOĞUN FON),Hisse Senedi Şemsiye Fonu,3.9792,24.905,54.856,,8.8508,,
ZAY,KT PORTFÖY SEPET HESAP KISA VADELİ KİRA SERTİFİKALARI KATILIM FONU,Katılım Şemsiye Fonu,1.3252,3.2544,5.7202,,1.8932,,
MMA,MAQASİD PYŞ ALTIN KATILIM FONU,Kıymetli Madenler Şemsiye Fonu,,,,,,,
ONN,MÜKAFAT PORTFÖY AKTİF ONİKS SERBEST FON,Serbest Şemsiye Fonu,1.5331,4.5086,8.0778,,2.2763,,
MKH,MÜKAFAT PORTFÖY AKTİF SERBEST (DÖVİZ) FON,Serbest Şemsiye Fonu,,,,,,,
MKG,MÜKAFAT PORTFÖY ALTIN KATILIM FONU,Katılım Şemsiye Fonu,-10.5744,-15.0078,-17.5461,,-11.5144,,
MMH,MÜKAFAT PORTFÖY BIST 30 ENDEKSİ HİSSE SENEDİ FONU (HİSSE SENEDİ YOĞUN FON),Hisse Senedi Şemsiye Fonu,-4.3375,10.3366,28.7071,,-1.2755,,
ESG,MÜKAFAT PORTFÖY ESG SÜRDÜRÜLEBİLİRLİK SERBEST FON,Serbest Şemsiye Fonu,1.3646,4.1022,,,2.1888,,
IDL,MÜKAFAT PORTFÖY PARA PİYASASI FONU,Para Piyasası Şemsiye Fonu,1.3985,,,,2.0683,,
NSK,NEO PORTFÖY BİRİNCİ SERBEST FON,Serbest Şemsiye Fonu,,,,,,,
OFY,OSG FONUNA BAĞLI YAN HESAP (TRSBMKS12230),Serbest Şemsiye Fonu,,,,,,,
OPL,OSMANLI PORTFÖY İKİNCİ DEĞİŞKEN FON,Değişken Şemsiye Fonu,,,,,,,
OAY,OSY FONUNA BAĞLI YAN HESAP (TRSBMKS12230),Serbest Şemsiye Fonu,,,,,,,
OGD,OYAK PORTFÖY ALTIN KATILIM FONU,Katılım Şemsiye Fonu,-10.1536,-15.1353,-17.7127,,-11.1857,,
OFB,OYAK PORTFÖY BEŞİNCİ SERBEST FON,Serbest Şemsiye Fonu,,,,,,,
OFS,OYAK PORTFÖY BİRİNCİ FON SEPETİ FONU,Fon Sepeti Şemsiye Fonu,,,,,,,
ODD,OYAK PORTFÖY DÖRDÜNCÜ SERBEST FON,Serbest Şemsiye Fonu,-1.1235,55.6361,63.6898,,5.8856,,
OYS,OYAK PORTFÖY ÜÇÜNCÜ SERBEST FON,Serbest Şemsiye Fonu,-5.4619,27.161,75.7732,,2.2341,,
IZF,QINVEST PORTFÖY İKİNCİ KATILIM SERBEST FON,Serbest Şemsiye Fonu,,,,,,,
PDF,QİNVEST PORTFÖY BİRİNCİ SERBEST (DÖVİZ) FON,Serbest Şemsiye Fonu,-6.9293,-7.4926,-0.3465,,-5.7672,,
PDD,QİNVEST PORTFÖY KATILIM FONU,Katılım Şemsiye Fonu,,,,,,,
FFH,QNB FİNANS PORTFÖY ÇOKLU VARLIK KATILIM FONU,Katılım Şemsiye Fonu,,,,,,,
FFP,QNB FİNANS PORTFÖY FON SEPETİ FONU,Fon Sepeti Şemsiye Fonu,,,,,,,
FSK,QNB FİNANS PORTFÖY KISA VADELİ SERBEST FON,Serbest Şemsiye Fonu,1.2984,3.7244,6.6715,,1.943,,
OOP,QNB FİNANS PORTFÖY OPAL SERBEST (DÖVİZ) ÖZEL FON,Serbest Şemsiye Fonu,,,,,,,
NPP,QNB FİNANS PORTFÖY ÜÇÜNCÜ SERBEST (DÖVİZ) FON,Serbest Şemsiye Fonu,-6.9609,-7.2265,-0.0932,,-5.7486,,
TZP,TACİRLER PORTFÖY İSTATİSTİKSEL ARBİTRAJ SERBEST ÖZEL FON,Serbest Şemsiye Fonu,,,,,,,
TTL,TACİRLER PORTFÖY KARTOPU SERBEST FON,Serbest Şemsiye Fonu,-3.4081,17.8574,62.7448,,0.0344,,
TTV,TACİRLER PORTFÖY VEGA SERBEST FON,Serbest Şemsiye Fonu,1.7287,6.2868,10.1605,,2.9852,,
TRR,TEB PORTFÖY BEŞİNCİ SERBEST FON,Serbest Şemsiye Fonu,1.4338,4.1219,7.2662,,2.136,,
YZH,TEB PORTFÖY BIST BANKA ENDEKSİ HİSSE SENEDİ FONU (HİSSE SENEDİ YOĞUN),Hisse Senedi Şemsiye Fonu,,,,,,,
TE4,TEB PORTFÖY BİRİNCİ DEĞİŞKEN FON,Değişken Şemsiye Fonu,,,,,,,
TTS,TEB PORTFÖY DÖRDÜNCÜ SERBEST (DÖVİZ) FON,Serbest Şemsiye Fonu,-3.168,-3.1926,3.4241,,-2.8847,,
TMR,TEB PORTFÖY MAKRO SERBEST FON,Serbest Şemsiye Fonu,,,,,,,
TTP,TEB PORTFÖY ÜÇÜNCÜ SERBEST (DÖVİZ) FON,Serbest Şemsiye Fonu,-6.9771,-8.458,-3.0569,,-5.6456,,
UAP,ÜNLÜ PORTFÖY ALTINCI SERBEST (DÖVİZ) ÖZEL FON,Serbest Şemsiye Fonu,,,0,,,,
GGL,ÜNLÜ PORTFÖY YEDİNCİ SERBEST ÖZEL FON,Serbest Şemsiye Fonu,-2.6694,-3.2549,,,-2.4772,,
YCK,YAPI KREDİ PORTFÖY CİHANGİR SERBEST FON,Serbest Şemsiye Fonu,,,,,,,
YZG,YAPI KREDİ PORTFÖY GÜMÜŞ FON SEPETİ FONU,Fon Sepeti Şemsiye Fonu,-1.2936,,,,,,
YZK,YAPI KREDİ PORTFÖY KALAMIŞ SERBEST FON,Serbest Şemsiye Fonu,,,,,,,
YOP,YAPI KREDİ PORTFÖY ODEABANK İKİNCİ SERBEST ÖZEL FON,Serbest Şemsiye Fonu,1.0112,6.4233,9.3838,,1.0112,,
YZF,YAPI KREDİ PORTFÖY PY ERENKÖY  SERBEST (DÖVIZ) ÖZEL FON,Serbest Şemsiye Fonu,4.2043,7.5258,18.3788,,3.7809,,
YPV,YAPI KREDİ PORTFÖY ÜÇÜNCÜ FON SEPETİ FONU,Fon Sepeti Şemsiye Fonu,-2.6693,4.6352,13.3275,,-0.5709,,
ZDD,ZİRAAT PORTFÖY BİRİNCİ DEĞİŞKEN FON,Değişken Şemsiye Fonu,1.0087,4.2692,9.0202,,1.728,,
HPC,ZİRAAT PORTFÖY HEDEF SERBEST ÖZEL FON,Serbest Şemsiye Fonu,-0.7689,6.3447,13.7827,,1.9026,,
VFK,ZİRAAT PORTFÖY İKİNCİ KISA VADELİ KİRA SERTİFİKALARI KATILIM FONU,Katılım Şemsiye Fonu,1.3403,3.5678,5.9948,,1.9353,,
ZSF,ZİRAAT PORTFÖY S&P/OIC COMCEC (İSEDAK) 50 SHARİAH ENDEKSİ YABANCI HİSSE SENEDİ FONU,Hisse Senedi Şemsiye Fonu,,,,,,,
TZH,ZİRAAT PORTFÖY TZH SERBEST ÖZEL FON,Serbest Şemsiye Fonu,-0.194,1.6063,4.2329,,0.2,,
ZDZ,ZİRAAT PORTFÖY ÜÇÜNCÜ DEĞİŞKEN FON,Değişken Şemsiye Fonu,-1.303,2.6085,10.7135,,-0.6735,,
